date,day_of_year,month,season,temperature,humidity,rainfall,wind_speed,pressure,heat_index,comfort_index,rainfall_category
2020-01-01,1,1,winter,21.2,64.7,0.0,7.0,1014.0,21.2,78.8,No Rain
2020-01-02,2,1,winter,18.0,67.4,0.0,6.4,1017.9,18.0,73.8,No Rain
2020-01-03,3,1,winter,21.7,69.1,2.4,6.2,1022.4,21.7,74.2,Light
2020-01-04,4,1,winter,20.7,57.6,0.0,7.0,1018.9,20.7,82.0,No Rain
2020-01-05,5,1,winter,21.3,63.1,0.0,10.3,1021.4,21.3,86.3,No Rain
2020-01-06,6,1,winter,18.3,66.5,0.0,7.9,1015.2,18.3,77.5,No Rain
2020-01-07,7,1,winter,21.3,58.3,0.0,10.3,1024.4,21.3,88.7,No Rain
2020-01-08,8,1,winter,19.2,52.3,0.0,5.9,1018.2,19.2,81.3,No Rain
2020-01-09,9,1,winter,19.5,67.7,9.4,8.6,1017.6,19.5,74.5,Moderate
2020-01-10,10,1,winter,21.8,56.2,0.0,9.6,1016.5,21.8,88.7,No Rain
2020-01-11,11,1,winter,20.5,66.4,0.0,8.6,1012.0,20.5,80.6,No Rain
2020-01-12,12,1,winter,22.8,63.8,0.0,5.4,1016.0,22.8,77.2,No Rain
2020-01-13,13,1,winter,23.1,56.9,0.0,7.2,1019.5,23.1,84.5,No Rain
2020-01-14,14,1,winter,19.3,57.8,0.0,9.3,1023.5,19.3,85.4,No Rain
2020-01-15,15,1,winter,25.9,52.7,0.0,8.7,1022.8,25.9,90.4,No Rain
2020-01-16,16,1,winter,21.9,63.4,0.0,5.1,1021.5,21.9,76.2,No Rain
2020-01-17,17,1,winter,17.0,60.8,0.0,6.3,1022.1,17.0,76.2,No Rain
2020-01-18,18,1,winter,23.5,66.1,0.0,7.6,1016.4,23.5,81.0,No Rain
2020-01-19,19,1,winter,18.6,64.5,0.0,8.7,1021.4,18.6,80.3,No Rain
2020-01-20,20,1,winter,19.7,64.3,0.0,9.4,1016.7,19.7,82.7,No Rain
2020-01-21,21,1,winter,23.2,60.4,0.0,8.0,1021.6,23.2,84.5,No Rain
2020-01-22,22,1,winter,24.7,64.2,0.0,5.0,1020.6,24.7,77.7,No Rain
2020-01-23,23,1,winter,24.4,60.6,0.0,8.0,1015.2,24.4,85.2,No Rain
2020-01-24,24,1,winter,21.1,61.9,0.0,9.8,1017.6,21.1,85.7,No Rain
2020-01-25,25,1,winter,21.9,50.4,0.0,5.9,1019.9,21.9,84.3,No Rain
2020-01-26,26,1,winter,25.1,58.1,0.0,6.2,1019.3,25.1,83.3,No Rain
2020-01-27,27,1,winter,23.5,53.9,0.0,6.5,1017.7,23.5,84.9,No Rain
2020-01-28,28,1,winter,22.7,55.4,0.0,3.5,1020.8,22.7,77.6,No Rain
2020-01-29,29,1,winter,24.6,54.2,10.3,8.9,1019.3,24.6,85.2,Moderate
2020-01-30,30,1,winter,23.5,52.9,0.0,13.1,1019.1,23.5,97.4,No Rain
2020-01-31,31,1,winter,24.0,50.1,4.3,3.7,1021.9,24.0,79.5,Light
2020-02-01,32,2,winter,21.7,65.8,8.8,9.7,1022.4,21.7,79.6,Moderate
2020-02-02,33,2,winter,17.5,73.1,13.8,6.1,1017.7,17.5,63.1,Moderate
2020-02-03,34,2,winter,21.9,68.7,17.3,8.5,1021.7,21.9,71.7,Moderate
2020-02-04,35,2,winter,17.9,61.5,6.4,8.2,1022.7,17.9,77.1,Moderate
2020-02-05,36,2,winter,19.8,70.8,0.0,9.1,1019.4,19.8,78.9,No Rain
2020-02-06,37,2,winter,20.5,64.6,0.9,12.6,1017.4,20.5,88.9,Light
2020-02-07,38,2,winter,20.3,49.8,0.0,8.1,1013.1,20.3,87.6,No Rain
2020-02-08,39,2,winter,20.1,70.9,0.0,4.6,1017.2,20.1,70.1,No Rain
2020-02-09,40,2,winter,21.8,56.1,0.0,8.3,1019.5,21.8,86.2,No Rain
2020-02-10,41,2,winter,24.9,62.2,0.0,9.1,1018.1,24.9,87.0,No Rain
2020-02-11,42,2,winter,21.7,62.2,0.0,6.0,1022.9,21.7,78.4,No Rain
2020-02-12,43,2,winter,23.8,60.9,0.0,11.6,1017.2,23.8,91.9,No Rain
2020-02-13,44,2,winter,21.6,67.3,0.0,9.5,1018.4,21.6,82.8,No Rain
2020-02-14,45,2,winter,25.9,70.7,0.0,6.7,1017.3,25.9,77.4,No Rain
2020-02-15,46,2,winter,20.7,72.3,0.0,8.3,1017.2,20.7,77.2,No Rain
2020-02-16,47,2,winter,16.5,70.8,0.0,15.5,1020.4,16.5,83.2,No Rain
2020-02-17,48,2,winter,19.1,71.1,21.0,9.4,1015.1,19.1,68.3,Moderate
2020-02-18,49,2,winter,19.3,62.5,0.0,5.4,1022.0,19.3,75.3,No Rain
2020-02-19,50,2,winter,26.2,56.8,0.0,7.4,1016.0,26.2,85.5,No Rain
2020-02-20,51,2,winter,27.2,63.1,0.0,7.3,1017.9,188.2,81.4,No Rain
2020-02-21,52,2,winter,24.3,53.5,0.0,10.1,1018.9,24.3,92.9,No Rain
2020-02-22,53,2,winter,20.4,67.3,0.0,9.1,1021.0,20.4,81.1,No Rain
2020-02-23,54,2,winter,23.7,59.5,0.0,8.1,1017.8,23.7,85.5,No Rain
2020-02-24,55,2,winter,17.7,59.5,0.0,2.1,1022.4,17.7,69.0,No Rain
2020-02-25,56,2,winter,22.9,59.1,0.0,5.9,1019.0,22.9,80.7,No Rain
2020-02-26,57,2,winter,21.5,60.9,0.0,11.6,1022.9,21.5,90.1,No Rain
2020-02-27,58,2,winter,23.8,53.2,0.0,13.3,1016.6,23.8,97.5,No Rain
2020-02-28,59,2,winter,21.7,64.9,0.0,6.9,1019.8,21.7,78.9,No Rain
2020-02-29,60,2,winter,20.4,66.9,0.0,9.0,1015.1,20.4,81.1,No Rain
2020-03-01,61,3,summer,38.1,40.9,0.0,13.7,1012.7,121.2,85.6,No Rain
2020-03-02,62,3,summer,37.6,37.6,0.0,14.2,1006.6,117.8,84.3,No Rain
2020-03-03,63,3,summer,34.0,42.9,15.0,10.9,1010.0,135.9,79.0,Moderate
2020-03-04,64,3,summer,41.5,42.7,0.0,10.4,1008.9,114.4,79.8,No Rain
2020-03-05,65,3,summer,33.2,37.4,0.0,19.7,1011.7,128.9,87.5,No Rain
2020-03-06,66,3,summer,35.8,35.2,0.0,13.5,1014.9,118.2,84.5,No Rain
2020-03-07,67,3,summer,41.4,36.4,0.0,9.5,1006.3,107.5,74.9,No Rain
2020-03-08,68,3,summer,34.9,47.2,3.8,12.1,1008.5,138.8,88.5,Light
2020-03-09,69,3,summer,36.1,36.7,25.8,13.3,1009.2,120.1,72.1,Heavy
2020-03-10,70,3,summer,41.0,35.6,0.0,10.1,1008.4,107.3,76.0,No Rain
2020-03-11,71,3,summer,39.2,42.3,17.2,11.3,1009.6,119.9,74.5,Moderate
2020-03-12,72,3,summer,38.1,36.3,0.0,15.0,1010.5,114.6,83.3,No Rain
2020-03-13,73,3,summer,39.9,42.9,0.0,12.5,1007.4,118.8,85.3,No Rain
2020-03-14,74,3,summer,38.9,39.4,0.0,10.2,1009.2,117.1,79.7,No Rain
2020-03-15,75,3,summer,36.7,40.2,0.0,9.5,1006.7,124.0,80.3,No Rain
2020-03-16,76,3,summer,39.3,35.4,0.0,10.7,1010.6,110.6,78.4,No Rain
2020-03-17,77,3,summer,36.4,41.0,0.0,12.0,1003.3,125.9,86.0,No Rain
2020-03-18,78,3,summer,36.3,40.1,0.0,12.3,1012.0,124.9,86.2,No Rain
2020-03-19,79,3,summer,40.9,37.4,15.9,12.6,1010.9,109.9,73.8,Moderate
2020-03-20,80,3,summer,33.2,51.7,0.0,12.2,1007.1,150.1,92.4,No Rain
2020-03-21,81,3,summer,33.3,39.2,0.0,10.6,1007.6,131.9,84.6,No Rain
2020-03-22,82,3,summer,40.6,33.9,0.0,9.0,1006.9,105.7,73.2,No Rain
2020-03-23,83,3,summer,34.1,33.2,0.0,11.7,1006.9,118.4,83.2,No Rain
2020-03-24,84,3,summer,35.1,38.6,0.0,14.4,1011.7,125.8,86.7,No Rain
2020-03-25,85,3,summer,40.5,39.1,2.3,10.5,1002.3,112.9,77.8,Light
2020-03-26,86,3,summer,36.4,48.3,23.3,6.4,1012.7,134.9,66.8,Moderate
2020-03-27,87,3,summer,39.7,49.9,0.0,9.4,1005.1,125.7,82.7,No Rain
2020-03-28,88,3,summer,36.5,42.5,0.0,11.5,1010.4,127.7,85.6,No Rain
2020-03-29,89,3,summer,37.1,46.1,0.0,12.5,1003.4,130.3,89.0,No Rain
2020-03-30,90,3,summer,37.5,37.4,0.0,13.2,1009.0,117.8,84.3,No Rain
2020-03-31,91,3,summer,37.3,36.0,0.0,10.7,1008.8,116.0,80.2,No Rain
2020-04-01,92,4,summer,39.8,41.8,0.0,9.4,1020.0,117.8,78.6,No Rain
2020-04-02,93,4,summer,34.8,40.9,0.0,10.8,1009.2,130.4,84.7,No Rain
2020-04-03,94,4,summer,35.7,46.9,0.0,14.3,1013.7,135.7,90.4,No Rain
2020-04-04,95,4,summer,33.7,49.5,0.0,11.9,1008.1,145.7,92.0,No Rain
2020-04-05,96,4,summer,33.8,40.2,0.0,12.2,1009.0,132.2,87.9,No Rain
2020-04-06,97,4,summer,40.3,35.4,0.0,10.7,1005.1,108.5,77.6,No Rain
2020-04-07,98,4,summer,38.2,40.5,0.0,9.0,1007.0,120.4,78.3,No Rain
2020-04-08,99,4,summer,38.2,45.0,0.0,8.5,1007.0,125.8,79.6,No Rain
2020-04-09,100,4,summer,35.7,42.5,0.0,13.3,1009.0,130.1,88.2,No Rain
2020-04-10,101,4,summer,37.3,53.2,51.9,18.6,1005.5,136.2,64.2,Heavy
2020-04-11,102,4,summer,41.7,34.4,0.0,13.4,1002.7,104.3,79.7,No Rain
2020-04-12,103,4,summer,39.7,34.0,0.0,10.4,1006.9,107.7,76.8,No Rain
2020-04-13,104,4,summer,34.3,37.5,0.0,13.5,1013.7,126.1,86.8,No Rain
2020-04-14,105,4,summer,36.2,38.6,0.0,12.1,1010.6,122.9,85.1,No Rain
2020-04-15,106,4,summer,35.9,32.4,0.0,10.1,1011.2,112.8,78.2,No Rain
2020-04-16,107,4,summer,36.1,39.8,0.0,7.4,1005.2,125.0,76.4,No Rain
2020-04-17,108,4,summer,32.4,49.5,0.0,9.0,1015.3,150.6,87.2,No Rain
2020-04-18,109,4,summer,33.7,43.7,0.0,12.0,1008.1,138.0,89.3,No Rain
2020-04-19,110,4,summer,30.6,37.2,0.0,14.6,1009.5,135.9,89.4,No Rain
2020-04-20,111,4,summer,40.0,55.5,23.8,16.7,1000.6,128.2,74.1,Moderate
2020-04-21,112,4,summer,33.8,36.3,0.0,14.3,1011.5,125.2,86.5,No Rain
2020-04-22,113,4,summer,38.7,52.1,18.3,12.5,1007.4,130.6,79.5,Moderate
2020-04-23,114,4,summer,35.4,49.6,0.0,14.3,1006.4,139.7,92.0,No Rain
2020-04-24,115,4,summer,33.5,46.8,0.0,9.6,1011.3,143.1,86.2,No Rain
2020-04-25,116,4,summer,38.5,43.5,0.0,11.7,1010.9,123.2,85.0,No Rain
2020-04-26,117,4,summer,35.3,41.3,0.0,11.2,1008.0,129.5,85.3,No Rain
2020-04-27,118,4,summer,40.0,35.4,8.6,9.1,1006.7,109.1,70.3,Moderate
2020-04-28,119,4,summer,36.1,51.2,30.6,14.6,1011.9,138.8,75.8,Heavy
2020-04-29,120,4,summer,41.4,37.1,0.0,11.8,1005.7,108.4,79.8,No Rain
2020-04-30,121,4,summer,38.6,36.5,0.0,13.3,1003.1,113.8,83.0,No Rain
2020-05-01,122,5,summer,37.7,43.9,0.0,12.4,1003.9,126.0,87.2,No Rain
2020-05-02,123,5,summer,40.3,37.7,0.0,13.2,1011.7,111.6,82.4,No Rain
2020-05-03,124,5,summer,40.0,36.7,0.0,11.2,1011.5,110.9,79.5,No Rain
2020-05-04,125,5,summer,37.2,37.8,0.0,12.4,1010.6,119.1,84.5,No Rain
2020-05-05,126,5,summer,33.7,35.1,0.0,16.8,1006.4,123.2,86.0,No Rain
2020-05-06,127,5,summer,36.7,36.2,0.0,10.2,1007.8,117.8,79.7,No Rain
2020-05-07,128,5,summer,33.7,60.9,60.0,18.8,1007.8,155.3,63.0,Heavy
2020-05-08,129,5,summer,35.9,44.6,8.2,8.6,1009.7,132.3,77.2,Moderate
2020-05-09,130,5,summer,39.3,37.1,0.0,8.8,1000.5,113.1,75.4,No Rain
2020-05-10,131,5,summer,32.9,55.9,0.0,11.9,1008.9,155.3,89.9,No Rain
2020-05-11,132,5,summer,34.3,47.2,0.0,10.7,1009.3,140.8,88.0,No Rain
2020-05-12,133,5,summer,39.0,38.1,0.0,9.5,1005.6,115.1,77.5,No Rain
2020-05-13,134,5,summer,35.6,46.4,0.0,8.1,1004.8,135.5,81.5,No Rain
2020-05-14,135,5,summer,39.5,45.3,0.0,10.2,999.8,122.3,82.2,No Rain
2020-05-15,136,5,summer,35.5,45.7,0.0,10.6,1010.7,134.9,86.2,No Rain
2020-05-16,137,5,summer,34.3,51.1,2.4,13.3,1013.9,145.2,91.3,Light
2020-05-17,138,5,summer,34.6,38.8,0.0,14.1,1010.5,127.5,87.2,No Rain
2020-05-18,139,5,summer,38.5,36.4,0.0,16.9,1011.8,113.9,83.1,No Rain
2020-05-19,140,5,summer,34.0,45.9,0.0,13.2,1009.7,140.2,91.2,No Rain
2020-05-20,141,5,summer,35.2,44.4,0.0,11.8,1005.3,134.2,88.2,No Rain
2020-05-21,142,5,summer,32.7,42.4,0.0,9.3,1009.3,139.2,84.0,No Rain
2020-05-22,143,5,summer,40.7,40.3,0.0,7.9,1003.3,113.8,74.2,No Rain
2020-05-23,144,5,summer,33.7,35.0,0.0,12.9,1011.2,123.0,86.0,No Rain
2020-05-24,145,5,summer,38.3,45.3,0.0,13.7,1003.6,125.8,87.7,No Rain
2020-05-25,146,5,summer,37.9,32.9,5.2,10.5,1007.4,109.5,75.2,Moderate
2020-05-26,147,5,summer,37.0,35.7,0.0,11.1,1008.7,116.2,81.0,No Rain
2020-05-27,148,5,summer,35.8,42.9,19.9,13.6,1012.4,130.3,78.4,Moderate
2020-05-28,149,5,summer,33.2,40.0,0.0,8.4,1011.5,133.6,80.6,No Rain
2020-05-29,150,5,summer,34.7,45.2,12.9,11.8,1011.2,136.9,82.5,Moderate
2020-05-30,151,5,summer,35.9,56.2,0.0,15.8,1011.3,143.4,88.7,No Rain
2020-05-31,152,5,summer,33.9,42.3,0.0,12.3,1005.7,135.3,89.1,No Rain
2020-06-01,153,6,monsoon,29.4,97.3,14.5,11.4,999.9,161.4,63.6,Moderate
2020-06-02,154,6,monsoon,27.5,100.6,150.0,28.0,997.4,168.3,48.1,Very Heavy
2020-06-03,155,6,monsoon,29.2,97.0,102.6,29.0,1006.6,163.1,48.4,Very Heavy
2020-06-04,156,6,monsoon,30.4,94.5,55.2,26.5,999.3,159.3,48.7,Heavy
2020-06-05,157,6,monsoon,29.9,71.9,0.0,12.0,1004.0,177.1,84.4,No Rain
2020-06-06,158,6,monsoon,29.4,92.9,65.4,22.3,1000.9,167.5,50.2,Heavy
2020-06-07,159,6,monsoon,24.8,91.6,28.4,20.7,997.8,24.8,64.9,Heavy
2020-06-08,160,6,monsoon,30.6,79.5,0.4,13.1,1000.6,171.7,80.8,Light
2020-06-09,161,6,monsoon,32.5,97.1,20.4,13.1,1001.7,143.3,60.6,Moderate
2020-06-10,162,6,monsoon,32.2,95.8,127.4,23.8,1006.0,147.0,46.7,Very Heavy
2020-06-11,163,6,monsoon,30.6,73.2,4.3,16.2,1004.2,173.3,82.0,Light
2020-06-12,164,6,monsoon,28.5,96.9,98.5,24.2,1003.0,167.7,48.9,Heavy
2020-06-13,165,6,monsoon,31.2,79.5,13.9,14.4,999.3,168.4,73.7,Moderate
2020-06-14,166,6,monsoon,28.6,80.6,0.0,15.8,1003.8,182.9,82.0,No Rain
2020-06-15,167,6,monsoon,30.6,81.7,36.9,21.1,1001.0,170.6,61.5,Heavy
2020-06-16,168,6,monsoon,27.5,88.7,0.0,14.8,999.5,184.1,78.8,No Rain
2020-06-17,169,6,monsoon,27.2,88.7,0.0,13.4,1002.9,186.0,79.0,No Rain
2020-06-18,170,6,monsoon,32.2,77.8,0.0,13.6,1005.4,163.7,80.7,No Rain
2020-06-19,171,6,monsoon,28.9,86.5,0.0,12.8,1003.1,177.3,78.8,No Rain
2020-06-20,172,6,monsoon,32.0,85.8,13.2,22.2,1005.8,159.7,70.2,Moderate
2020-06-21,173,6,monsoon,27.3,91.6,150.0,24.3,998.7,182.4,52.5,Very Heavy
2020-06-22,174,6,monsoon,28.1,94.7,0.0,14.7,1000.5,173.4,75.3,No Rain
2020-06-23,175,6,monsoon,30.1,86.0,6.1,18.5,995.3,170.5,75.1,Moderate
2020-06-24,176,6,monsoon,32.9,97.4,150.0,24.5,999.6,140.6,45.4,Very Heavy
2020-06-25,177,6,monsoon,29.9,98.3,0.0,9.8,1003.2,156.8,66.8,No Rain
2020-06-26,178,6,monsoon,28.2,85.3,5.9,15.0,1001.9,182.5,77.0,Moderate
2020-06-27,179,6,monsoon,27.4,86.4,66.0,22.4,1001.0,186.7,55.0,Heavy
2020-06-28,180,6,monsoon,24.8,90.1,63.5,15.8,998.2,24.8,54.8,Heavy
2020-06-29,181,6,monsoon,29.2,97.6,60.9,16.9,1004.4,162.2,48.1,Heavy
2020-06-30,182,6,monsoon,30.4,95.7,74.1,25.7,1003.5,157.7,48.1,Heavy
2020-07-01,183,7,monsoon,25.8,95.3,150.0,26.6,1002.5,25.8,51.8,Very Heavy
2020-07-02,184,7,monsoon,25.3,102.2,63.3,25.3,996.6,25.3,49.8,Heavy
2020-07-03,185,7,monsoon,29.7,80.7,0.0,13.4,1000.5,176.3,81.1,No Rain
2020-07-04,186,7,monsoon,26.4,90.5,150.0,22.3,996.0,26.4,53.7,Very Heavy
2020-07-05,187,7,monsoon,30.3,94.0,132.1,25.0,1003.9,160.6,49.0,Very Heavy
2020-07-06,188,7,monsoon,31.0,90.2,0.0,13.4,1001.3,161.1,75.4,No Rain
2020-07-07,189,7,monsoon,26.6,84.2,0.0,14.8,1003.2,26.6,81.7,No Rain
2020-07-08,190,7,monsoon,29.4,90.7,0.0,13.6,996.3,170.1,76.3,No Rain
2020-07-09,191,7,monsoon,26.3,81.0,0.0,12.5,1001.9,26.3,83.5,No Rain
2020-07-10,192,7,monsoon,29.6,88.4,0.0,15.5,1000.6,171.3,77.3,No Rain
2020-07-11,193,7,monsoon,29.9,80.9,3.3,17.2,1000.6,175.1,79.2,Light
2020-07-12,194,7,monsoon,24.5,93.3,13.1,15.2,1003.4,24.5,71.4,Moderate
2020-07-13,195,7,monsoon,28.8,78.8,4.8,14.1,999.2,182.4,80.3,Light
2020-07-14,196,7,monsoon,32.6,81.8,0.0,11.3,996.0,159.4,76.0,No Rain
2020-07-15,197,7,monsoon,29.1,90.2,0.0,11.2,1005.5,172.5,74.2,No Rain
2020-07-16,198,7,monsoon,28.2,91.3,0.0,13.3,999.8,176.9,77.0,No Rain
2020-07-17,199,7,monsoon,31.6,86.2,0.0,16.5,1002.2,161.6,76.9,No Rain
2020-07-18,200,7,monsoon,29.6,104.2,100.0,25.5,996.9,148.1,46.5,Heavy
2020-07-19,201,7,monsoon,25.0,76.2,0.0,9.9,1000.8,25.0,81.7,No Rain
2020-07-20,202,7,monsoon,34.2,89.8,150.0,23.7,997.7,143.8,48.2,Very Heavy
2020-07-21,203,7,monsoon,29.4,95.2,70.8,20.9,997.7,164.5,49.1,Heavy
2020-07-22,204,7,monsoon,25.5,92.5,51.1,17.6,998.9,25.5,53.4,Heavy
2020-07-23,205,7,monsoon,26.8,84.3,139.5,26.9,1002.6,26.8,56.5,Very Heavy
2020-07-24,206,7,monsoon,30.4,82.5,0.0,13.8,1000.8,171.3,79.7,No Rain
2020-07-25,207,7,monsoon,30.7,75.8,0.0,18.2,1003.1,172.4,82.8,No Rain
2020-07-26,208,7,monsoon,27.3,93.3,48.1,14.9,1001.1,180.4,52.6,Heavy
2020-07-27,209,7,monsoon,27.8,75.9,0.0,18.2,1000.6,188.9,84.9,No Rain
2020-07-28,210,7,monsoon,29.2,92.0,75.7,23.8,1004.2,169.9,50.9,Heavy
2020-07-29,211,7,monsoon,26.6,96.5,0.0,15.8,1002.3,26.6,75.5,No Rain
2020-07-30,212,7,monsoon,25.3,81.3,0.0,14.4,1004.3,25.3,84.1,No Rain
2020-07-31,213,7,monsoon,29.3,92.9,8.7,17.7,1000.5,168.1,71.0,Moderate
2020-08-01,214,8,monsoon,22.5,89.1,13.3,18.7,1007.0,22.5,71.9,Moderate
2020-08-02,215,8,monsoon,28.5,102.9,57.7,19.5,993.6,157.6,47.4,Heavy
2020-08-03,216,8,monsoon,23.9,87.3,36.5,17.6,1001.9,23.9,62.3,Heavy
2020-08-04,217,8,monsoon,27.3,80.1,0.0,14.1,1001.0,191.0,83.2,No Rain
2020-08-05,218,8,monsoon,30.4,83.8,0.0,16.3,1007.4,170.4,79.1,No Rain
2020-08-06,219,8,monsoon,27.7,86.4,27.2,14.7,1000.0,184.8,66.2,Heavy
2020-08-07,220,8,monsoon,23.1,88.0,34.8,23.7,1005.5,23.1,62.2,Heavy
2020-08-08,221,8,monsoon,28.7,86.4,0.0,19.1,994.1,178.6,79.0,No Rain
2020-08-09,222,8,monsoon,25.5,84.0,5.9,13.9,1003.6,25.5,79.7,Moderate
2020-08-10,223,8,monsoon,28.3,93.1,33.4,15.4,1000.2,174.2,59.3,Heavy
2020-08-11,224,8,monsoon,26.2,98.1,29.6,13.9,998.3,26.2,60.2,Heavy
2020-08-12,225,8,monsoon,23.9,90.4,150.0,23.4,1000.9,23.9,54.0,Very Heavy
2020-08-13,226,8,monsoon,28.5,77.7,0.0,14.9,1006.9,184.5,83.5,No Rain
2020-08-14,227,8,monsoon,32.0,85.3,10.3,12.8,999.9,160.1,72.0,Moderate
2020-08-15,228,8,monsoon,28.9,85.3,13.4,17.7,1005.1,178.2,72.7,Moderate
2020-08-16,229,8,monsoon,26.8,87.0,4.0,15.1,1003.2,26.8,78.2,Light
2020-08-17,230,8,monsoon,27.3,92.2,27.1,13.6,999.8,181.7,63.6,Heavy
2020-08-18,231,8,monsoon,27.3,94.9,145.4,25.1,998.2,178.3,50.8,Very Heavy
2020-08-19,232,8,monsoon,29.3,83.7,46.6,16.5,1001.6,176.9,56.6,Heavy
2020-08-20,233,8,monsoon,24.0,87.3,0.0,14.8,1005.4,24.0,80.6,No Rain
2020-08-21,234,8,monsoon,27.8,82.8,8.2,16.7,1002.1,186.6,77.4,Moderate
2020-08-22,235,8,monsoon,26.7,98.3,20.0,15.1,1001.9,26.7,64.6,Moderate
2020-08-23,236,8,monsoon,25.0,91.7,62.2,23.2,1004.8,25.0,54.1,Heavy
2020-08-24,237,8,monsoon,28.1,86.2,107.0,21.8,1001.8,182.5,54.6,Very Heavy
2020-08-25,238,8,monsoon,29.4,86.3,10.5,14.8,1007.4,174.4,73.3,Moderate
2020-08-26,239,8,monsoon,27.6,94.9,59.4,22.3,996.3,176.4,50.6,Heavy
2020-08-27,240,8,monsoon,26.4,82.7,0.0,11.3,1005.9,26.4,80.2,No Rain
2020-08-28,241,8,monsoon,25.9,98.4,49.7,25.9,1002.6,25.9,50.3,Heavy
2020-08-29,242,8,monsoon,23.0,98.9,136.7,26.1,1004.2,23.0,49.0,Very Heavy
2020-08-30,243,8,monsoon,27.6,96.9,32.4,18.4,1003.0,173.5,58.4,Heavy
2020-08-31,244,8,monsoon,27.5,84.3,0.0,15.1,1000.7,187.6,81.0,No Rain
2020-09-01,245,9,monsoon,28.6,82.6,0.0,14.4,996.1,181.8,81.0,No Rain
2020-09-02,246,9,monsoon,26.9,95.1,107.3,22.5,998.0,26.9,51.0,Very Heavy
2020-09-03,247,9,monsoon,30.7,83.2,0.0,14.0,1004.1,169.1,79.1,No Rain
2020-09-04,248,9,monsoon,30.5,88.2,0.0,15.9,995.3,166.1,76.8,No Rain
2020-09-05,249,9,monsoon,26.1,89.0,35.2,15.6,1002.1,26.1,62.1,Heavy
2020-09-06,250,9,monsoon,25.1,98.8,67.6,19.1,998.7,25.1,50.5,Heavy
2020-09-07,251,9,monsoon,25.3,86.1,75.7,22.7,1006.4,25.3,56.7,Heavy
2020-09-08,252,9,monsoon,29.5,98.1,123.5,26.2,1002.8,159.6,47.6,Very Heavy
2020-09-09,253,9,monsoon,25.3,67.6,0.0,12.9,1008.0,25.3,91.0,No Rain
2020-09-10,254,9,monsoon,25.1,96.3,150.0,23.7,1003.4,25.1,51.8,Very Heavy
2020-09-11,255,9,monsoon,27.5,96.1,31.2,18.2,998.1,175.3,59.5,Heavy
2020-09-12,256,9,monsoon,25.4,84.9,0.0,17.6,999.9,25.4,82.2,No Rain
2020-09-13,257,9,monsoon,26.5,81.1,5.7,11.6,1002.1,26.5,78.7,Moderate
2020-09-14,258,9,monsoon,22.8,90.5,53.0,18.0,999.5,22.8,53.1,Heavy
2020-09-15,259,9,monsoon,26.9,89.3,5.9,16.0,1002.4,26.9,76.0,Moderate
2020-09-16,260,9,monsoon,22.4,88.6,20.2,18.3,1003.4,22.4,68.7,Moderate
2020-09-17,261,9,monsoon,26.2,92.9,53.8,21.9,1001.5,26.2,52.6,Heavy
2020-09-18,262,9,monsoon,24.2,73.4,0.0,14.4,1004.5,24.2,87.7,No Rain
2020-09-19,263,9,monsoon,27.0,86.5,33.3,19.9,1004.6,189.2,63.6,Heavy
2020-09-20,264,9,monsoon,23.2,93.1,86.3,27.5,1002.0,23.2,52.1,Heavy
2020-09-21,265,9,monsoon,26.0,80.1,15.9,13.6,1007.7,26.0,76.2,Moderate
2020-09-22,266,9,monsoon,24.0,99.2,21.0,14.9,1001.2,24.0,64.2,Moderate
2020-09-23,267,9,monsoon,26.7,78.2,0.0,8.3,1001.6,26.7,76.2,No Rain
2020-09-24,268,9,monsoon,28.0,81.0,8.4,15.9,1005.2,186.3,78.0,Moderate
2020-09-25,269,9,monsoon,24.5,96.2,0.0,14.5,1002.4,24.5,76.5,No Rain
2020-09-26,270,9,monsoon,27.7,99.4,99.5,25.5,997.9,169.0,48.3,Heavy
2020-09-27,271,9,monsoon,22.4,77.3,0.0,12.9,1005.5,22.4,84.4,No Rain
2020-09-28,272,9,monsoon,27.8,102.3,106.9,29.1,1004.6,163.3,47.9,Very Heavy
2020-09-29,273,9,monsoon,21.4,85.4,0.0,13.1,1004.5,21.4,79.6,No Rain
2020-09-30,274,9,monsoon,25.1,86.2,29.2,17.6,1002.9,25.1,67.2,Heavy
2020-10-01,275,10,post_monsoon,22.2,56.2,0.0,7.5,1010.1,22.2,84.8,No Rain
2020-10-02,276,10,post_monsoon,21.7,59.1,0.0,8.2,1016.8,21.7,84.4,No Rain
2020-10-03,277,10,post_monsoon,24.4,78.2,36.1,14.3,1013.1,24.4,67.4,Heavy
2020-10-04,278,10,post_monsoon,26.4,57.1,0.0,10.5,1007.7,26.4,91.4,No Rain
2020-10-05,279,10,post_monsoon,22.0,68.6,0.0,9.3,1013.8,22.0,82.1,No Rain
2020-10-06,280,10,post_monsoon,25.7,66.0,0.0,8.7,1012.4,25.7,83.9,No Rain
2020-10-07,281,10,post_monsoon,21.0,70.1,1.0,14.2,1015.9,21.0,86.5,Light
2020-10-08,282,10,post_monsoon,23.0,70.6,0.0,11.1,1014.5,23.0,85.4,No Rain
2020-10-09,283,10,post_monsoon,28.2,60.0,0.0,9.3,1012.6,180.4,86.2,No Rain
2020-10-10,284,10,post_monsoon,20.3,78.0,18.3,15.7,1019.1,20.3,73.3,Moderate
2020-10-11,285,10,post_monsoon,21.4,72.8,0.0,9.8,1017.8,21.4,80.5,No Rain
2020-10-12,286,10,post_monsoon,23.8,75.0,0.0,7.3,1019.1,23.8,76.2,No Rain
2020-10-13,287,10,post_monsoon,21.0,73.1,0.0,8.4,1015.4,21.0,77.2,No Rain
2020-10-14,288,10,post_monsoon,21.1,63.4,0.0,12.1,1009.2,21.1,89.6,No Rain
2020-10-15,289,10,post_monsoon,23.9,66.0,0.0,8.5,1014.5,23.9,83.2,No Rain
2020-10-16,290,10,post_monsoon,26.5,63.7,0.0,10.7,1017.5,26.5,88.4,No Rain
2020-10-17,291,10,post_monsoon,25.4,57.1,0.0,6.2,1015.2,25.4,83.6,No Rain
2020-10-18,292,10,post_monsoon,23.5,72.9,0.0,10.9,1018.0,23.5,84.2,No Rain
2020-10-19,293,10,post_monsoon,25.2,63.3,0.0,9.1,1015.2,25.2,86.4,No Rain
2020-10-20,294,10,post_monsoon,22.3,66.6,5.1,6.0,1017.5,22.3,74.1,Moderate
2020-10-21,295,10,post_monsoon,23.7,71.8,0.0,6.2,1013.5,23.7,75.5,No Rain
2020-10-22,296,10,post_monsoon,28.3,75.7,40.0,12.8,1011.2,186.0,64.7,Heavy
2020-10-23,297,10,post_monsoon,27.2,68.9,0.0,7.8,1015.6,191.5,79.5,No Rain
2020-10-24,298,10,post_monsoon,21.1,64.7,0.0,9.1,1019.1,21.1,82.9,No Rain
2020-10-25,299,10,post_monsoon,20.4,70.8,0.0,10.1,1013.7,20.4,81.3,No Rain
2020-10-26,300,10,post_monsoon,25.6,56.5,0.0,9.6,1010.1,25.6,90.5,No Rain
2020-10-27,301,10,post_monsoon,24.2,73.9,0.0,8.3,1009.3,24.2,79.0,No Rain
2020-10-28,302,10,post_monsoon,22.4,69.7,0.0,11.3,1014.2,22.4,85.8,No Rain
2020-10-29,303,10,post_monsoon,27.5,53.9,0.0,12.1,1012.5,177.0,95.4,No Rain
2020-10-30,304,10,post_monsoon,25.2,58.4,0.0,10.1,1017.6,25.2,90.9,No Rain
2020-10-31,305,10,post_monsoon,22.5,56.6,0.0,11.7,1018.8,22.5,93.2,No Rain
2020-11-01,306,11,post_monsoon,20.1,62.3,0.0,11.0,1015.3,20.1,87.2,No Rain
2020-11-02,307,11,post_monsoon,24.4,75.7,0.0,9.9,1009.5,24.4,81.5,No Rain
2020-11-03,308,11,post_monsoon,23.3,62.3,0.0,9.5,1017.1,23.3,86.6,No Rain
2020-11-04,309,11,post_monsoon,22.2,67.2,0.0,5.9,1014.4,22.2,76.1,No Rain
2020-11-05,310,11,post_monsoon,21.5,64.3,0.0,12.4,1013.0,21.5,90.0,No Rain
2020-11-06,311,11,post_monsoon,25.1,69.5,0.0,9.8,1014.7,25.1,84.8,No Rain
2020-11-07,312,11,post_monsoon,27.2,65.6,0.0,15.0,1011.7,189.9,90.6,No Rain
2020-11-08,313,11,post_monsoon,24.2,60.2,0.0,10.1,1015.5,24.2,89.5,No Rain
2020-11-09,314,11,post_monsoon,27.2,65.9,0.0,11.3,1013.4,190.1,88.0,No Rain
2020-11-10,315,11,post_monsoon,23.5,63.8,0.0,9.8,1011.3,23.5,86.6,No Rain
2020-11-11,316,11,post_monsoon,21.9,66.9,0.0,11.8,1020.5,21.9,87.8,No Rain
2020-11-12,317,11,post_monsoon,27.5,73.8,0.0,9.5,1010.8,190.8,80.2,No Rain
2020-11-13,318,11,post_monsoon,23.4,56.5,0.0,6.0,1014.7,23.4,82.5,No Rain
2020-11-14,319,11,post_monsoon,24.0,66.8,0.0,11.2,1017.2,24.0,88.2,No Rain
2020-11-15,320,11,post_monsoon,29.0,63.3,0.0,11.0,1013.5,178.9,87.3,No Rain
2020-11-16,321,11,post_monsoon,23.7,63.1,0.0,10.7,1012.8,23.7,88.9,No Rain
2020-11-17,322,11,post_monsoon,24.8,60.5,0.0,9.1,1012.9,24.8,87.8,No Rain
2020-11-18,323,11,post_monsoon,27.6,66.4,0.0,11.6,1017.1,188.1,88.0,No Rain
2020-11-19,324,11,post_monsoon,21.4,62.9,0.0,15.5,1015.0,21.4,90.8,No Rain
2020-11-20,325,11,post_monsoon,23.4,73.6,0.0,13.1,1015.6,23.4,87.0,No Rain
2020-11-21,326,11,post_monsoon,23.3,59.3,0.0,12.6,1015.3,23.3,94.1,No Rain
2020-11-22,327,11,post_monsoon,26.3,63.4,0.0,11.5,1012.3,26.3,90.3,No Rain
2020-11-23,328,11,post_monsoon,21.0,64.6,0.0,10.7,1018.2,21.0,86.1,No Rain
2020-11-24,329,11,post_monsoon,26.8,55.4,0.0,7.5,1008.1,26.8,86.0,No Rain
2020-11-25,330,11,post_monsoon,21.7,58.8,0.0,7.0,1013.0,21.7,82.1,No Rain
2020-11-26,331,11,post_monsoon,25.1,65.5,8.4,10.8,1015.3,25.1,84.6,Moderate
2020-11-27,332,11,post_monsoon,24.1,67.2,14.4,14.5,1010.3,24.1,83.5,Moderate
2020-11-28,333,11,post_monsoon,20.8,74.5,0.0,13.0,1011.4,20.8,84.6,No Rain
2020-11-29,334,11,post_monsoon,23.7,74.8,0.0,11.2,1014.3,23.7,84.0,No Rain
2020-11-30,335,11,post_monsoon,29.8,79.3,20.9,13.7,1011.2,176.4,71.3,Moderate
2020-12-01,336,12,winter,15.7,72.0,0.0,13.6,1017.1,15.7,82.0,No Rain
2020-12-02,337,12,winter,15.9,63.4,0.0,8.4,1022.9,15.9,78.3,No Rain
2020-12-03,338,12,winter,16.4,72.7,0.0,8.5,1020.0,16.4,74.2,No Rain
2020-12-04,339,12,winter,16.8,62.5,0.0,8.0,1019.7,16.8,78.6,No Rain
2020-12-05,340,12,winter,16.4,63.6,0.0,8.7,1019.7,16.4,79.2,No Rain
2020-12-06,341,12,winter,17.0,62.7,0.0,7.5,1018.8,17.0,77.7,No Rain
2020-12-07,342,12,winter,19.7,70.6,0.0,10.4,1018.0,19.7,81.5,No Rain
2020-12-08,343,12,winter,20.2,63.3,0.0,13.2,1017.4,20.2,89.8,No Rain
2020-12-09,344,12,winter,19.4,69.5,0.0,7.8,1017.7,19.4,76.6,No Rain
2020-12-10,345,12,winter,17.5,63.7,0.0,9.6,1024.8,17.5,81.7,No Rain
2020-12-11,346,12,winter,20.8,74.7,11.6,9.4,1017.7,20.8,72.5,Moderate
2020-12-12,347,12,winter,16.8,62.5,0.0,6.7,1022.4,16.8,76.0,No Rain
2020-12-13,348,12,winter,17.1,63.0,0.0,5.3,1017.1,17.1,73.2,No Rain
2020-12-14,349,12,winter,18.6,76.9,0.0,6.1,1019.8,18.6,69.0,No Rain
2020-12-15,350,12,winter,15.1,61.3,0.0,7.0,1019.9,15.1,75.9,No Rain
2020-12-16,351,12,winter,17.3,53.2,0.0,6.3,1019.9,17.3,80.2,No Rain
2020-12-17,352,12,winter,17.3,64.6,1.0,9.5,1018.8,17.3,80.4,Light
2020-12-18,353,12,winter,17.5,67.0,0.0,8.3,1020.2,17.5,77.5,No Rain
2020-12-19,354,12,winter,20.7,51.3,0.0,9.4,1021.1,20.7,89.9,No Rain
2020-12-20,355,12,winter,19.4,64.0,0.0,6.1,1024.1,19.4,76.0,No Rain
2020-12-21,356,12,winter,16.7,62.4,0.0,9.6,1017.9,16.7,81.8,No Rain
2020-12-22,357,12,winter,20.6,66.1,0.0,6.7,1018.1,20.6,77.1,No Rain
2020-12-23,358,12,winter,17.0,70.4,0.0,7.0,1021.1,17.0,72.8,No Rain
2020-12-24,359,12,winter,20.3,60.2,0.0,7.5,1013.5,20.3,81.4,No Rain
2020-12-25,360,12,winter,17.8,66.4,0.0,7.2,1022.7,17.8,75.8,No Rain
2020-12-26,361,12,winter,19.3,66.5,0.0,6.2,1017.7,19.3,74.9,No Rain
2020-12-27,362,12,winter,22.6,55.1,0.0,6.5,1017.8,22.6,83.7,No Rain
2020-12-28,363,12,winter,20.9,60.4,0.0,6.5,1018.9,20.9,79.7,No Rain
2020-12-29,364,12,winter,17.3,51.9,0.0,10.0,1026.2,17.3,88.3,No Rain
2020-12-30,365,12,winter,17.5,71.6,0.0,6.1,1023.9,17.5,70.8,No Rain
2020-12-31,366,12,winter,22.5,63.0,0.0,7.3,1022.0,22.5,81.2,No Rain
2021-01-01,1,1,winter,20.4,69.4,0.0,7.6,1014.0,20.4,77.0,No Rain
2021-01-02,2,1,winter,19.9,59.5,0.0,4.9,1019.4,19.9,76.2,No Rain
2021-01-03,3,1,winter,21.3,71.2,0.0,7.3,1021.2,21.3,76.2,No Rain
2021-01-04,4,1,winter,20.5,53.3,0.0,10.4,1020.5,20.5,90.8,No Rain
2021-01-05,5,1,winter,23.2,51.6,0.0,10.3,1018.2,23.2,93.4,No Rain
2021-01-06,6,1,winter,19.4,61.0,0.0,10.8,1020.3,19.4,86.9,No Rain
2021-01-07,7,1,winter,20.7,69.0,0.0,8.2,1019.5,20.7,78.7,No Rain
2021-01-08,8,1,winter,21.1,63.3,0.0,8.6,1017.9,21.1,82.6,No Rain
2021-01-09,9,1,winter,19.0,64.6,0.0,5.0,1019.5,19.0,73.2,No Rain
2021-01-10,10,1,winter,21.9,63.4,0.0,5.2,1022.9,21.9,76.4,No Rain
2021-01-11,11,1,winter,26.1,62.6,0.0,5.2,1020.9,26.1,78.3,No Rain
2021-01-12,12,1,winter,24.4,59.0,0.0,11.4,1015.4,24.4,92.8,No Rain
2021-01-13,13,1,winter,21.2,60.1,0.0,4.5,1019.6,21.2,76.1,No Rain
2021-01-14,14,1,winter,19.4,70.2,0.0,7.0,1026.2,19.4,74.7,No Rain
2021-01-15,15,1,winter,22.1,77.9,0.0,6.7,1017.2,22.1,72.3,No Rain
2021-01-16,16,1,winter,19.7,77.6,25.8,14.1,1021.6,19.7,69.3,Heavy
2021-01-17,17,1,winter,20.4,74.0,0.6,5.2,1016.9,20.4,69.7,Light
2021-01-18,18,1,winter,20.1,75.1,0.0,8.2,1016.7,20.1,75.2,No Rain
2021-01-19,19,1,winter,21.5,48.0,0.0,4.3,1020.6,21.5,80.0,No Rain
2021-01-20,20,1,winter,22.5,53.3,0.0,10.6,1022.7,22.5,92.7,No Rain
2021-01-21,21,1,winter,21.7,62.8,0.0,3.9,1019.0,21.7,73.9,No Rain
2021-01-22,22,1,winter,23.6,57.9,0.0,10.8,1021.5,23.6,91.6,No Rain
2021-01-23,23,1,winter,19.3,63.3,0.0,8.5,1020.7,19.3,81.1,No Rain
2021-01-24,24,1,winter,21.8,56.3,0.0,11.2,1020.0,21.8,91.8,No Rain
2021-01-25,25,1,winter,19.7,71.2,0.0,10.1,1015.4,19.7,80.6,No Rain
2021-01-26,26,1,winter,21.9,56.9,0.0,9.1,1020.3,21.9,87.4,No Rain
2021-01-27,27,1,winter,22.5,66.8,0.0,6.9,1016.1,22.5,78.5,No Rain
2021-01-28,28,1,winter,21.9,58.4,0.0,9.3,1019.3,21.9,87.1,No Rain
2021-01-29,29,1,winter,19.1,60.2,0.0,6.8,1023.9,19.1,79.1,No Rain
2021-01-30,30,1,winter,25.6,55.4,0.0,5.6,1019.3,25.6,83.0,No Rain
2021-01-31,31,1,winter,19.4,63.3,0.0,9.8,1021.1,19.4,83.8,No Rain
2021-02-01,32,2,winter,22.3,64.8,18.6,7.4,1016.4,22.3,71.1,Moderate
2021-02-02,33,2,winter,22.8,56.5,0.0,8.5,1021.0,22.8,87.1,No Rain
2021-02-03,34,2,winter,24.6,67.7,0.0,11.6,1021.7,24.6,89.0,No Rain
2021-02-04,35,2,winter,23.4,62.4,0.0,6.6,1020.6,23.4,80.8,No Rain
2021-02-05,36,2,winter,26.4,48.1,0.0,11.6,1022.3,26.4,96.2,No Rain
2021-02-06,37,2,winter,20.4,57.1,0.0,12.1,1024.8,20.4,92.2,No Rain
2021-02-07,38,2,winter,25.4,65.3,0.0,5.3,1015.4,25.4,77.7,No Rain
2021-02-08,39,2,winter,23.9,62.7,0.0,9.6,1016.8,23.9,87.0,No Rain
2021-02-09,40,2,winter,20.4,71.0,0.0,8.6,1016.5,20.4,78.2,No Rain
2021-02-10,41,2,winter,16.4,59.5,0.0,8.5,1022.1,16.4,80.8,No Rain
2021-02-11,42,2,winter,20.9,74.0,0.0,7.0,1014.8,20.9,73.9,No Rain
2021-02-12,43,2,winter,25.2,65.6,0.0,11.2,1015.4,25.2,89.5,No Rain
2021-02-13,44,2,winter,23.1,65.0,0.0,5.9,1016.5,23.1,77.9,No Rain
2021-02-14,45,2,winter,24.4,61.0,0.0,11.8,1018.4,24.4,92.7,No Rain
2021-02-15,46,2,winter,18.8,77.6,0.0,9.8,1016.7,18.8,76.2,No Rain
2021-02-16,47,2,winter,27.9,70.4,0.0,7.1,1015.5,188.0,76.8,No Rain
2021-02-17,48,2,winter,20.6,57.0,0.0,10.4,1020.9,20.6,89.0,No Rain
2021-02-18,49,2,winter,21.9,59.1,0.0,9.8,1020.7,21.9,87.7,No Rain
2021-02-19,50,2,winter,23.4,66.6,0.0,5.8,1019.0,23.4,77.1,No Rain
2021-02-20,51,2,winter,22.6,67.1,0.0,8.5,1020.0,22.6,81.7,No Rain
2021-02-21,52,2,winter,23.4,57.5,0.0,10.7,1015.9,23.4,91.4,No Rain
2021-02-22,53,2,winter,23.7,61.9,0.0,9.1,1016.6,23.7,86.3,No Rain
2021-02-23,54,2,winter,22.0,60.7,0.0,11.0,1018.1,22.0,89.4,No Rain
2021-02-24,55,2,winter,23.4,71.6,1.5,9.2,1012.2,23.4,80.7,Light
2021-02-25,56,2,winter,23.5,56.2,0.0,9.9,1022.6,23.5,90.6,No Rain
2021-02-26,57,2,winter,20.0,62.6,0.0,7.6,1023.6,20.0,80.2,No Rain
2021-02-27,58,2,winter,23.5,64.7,1.7,10.7,1019.9,23.5,87.1,Light
2021-02-28,59,2,winter,19.3,67.5,0.0,9.5,1016.4,19.3,81.0,No Rain
2021-03-01,60,3,summer,38.2,41.1,2.5,12.8,1005.4,121.2,84.4,Light
2021-03-02,61,3,summer,37.5,49.9,48.3,12.9,1007.4,132.8,66.4,Heavy
2021-03-03,62,3,summer,38.2,41.0,0.0,10.8,1008.8,121.0,82.2,No Rain
2021-03-04,63,3,summer,37.1,45.0,0.0,8.7,1008.9,129.1,80.8,No Rain
2021-03-05,64,3,summer,39.0,44.2,0.0,10.0,1009.3,122.6,81.6,No Rain
2021-03-06,65,3,summer,38.5,37.6,0.0,11.4,1005.6,115.6,81.5,No Rain
2021-03-07,66,3,summer,31.9,40.3,0.0,11.7,1009.5,138.1,88.4,No Rain
2021-03-08,67,3,summer,35.5,46.5,0.0,9.6,1009.1,135.9,84.6,No Rain
2021-03-09,68,3,summer,34.4,40.9,0.0,15.9,1009.9,131.6,88.4,No Rain
2021-03-10,69,3,summer,35.5,47.4,14.5,11.7,1009.8,137.0,82.0,Moderate
2021-03-11,70,3,summer,39.0,32.4,0.0,13.4,1006.2,106.5,80.7,No Rain
2021-03-12,71,3,summer,34.0,42.1,0.0,13.1,1012.8,134.7,89.3,No Rain
2021-03-13,72,3,summer,42.0,33.2,0.0,10.9,1011.6,102.1,75.7,No Rain
2021-03-14,73,3,summer,36.1,35.5,0.0,10.5,1004.2,118.0,80.4,No Rain
2021-03-15,74,3,summer,39.9,38.5,0.0,11.8,1004.5,113.6,81.7,No Rain
2021-03-16,75,3,summer,32.8,46.1,0.0,10.8,1009.8,144.6,88.8,No Rain
2021-03-17,76,3,summer,32.4,46.5,0.0,12.7,1012.1,146.6,92.7,No Rain
2021-03-18,77,3,summer,37.9,34.1,4.3,12.7,1009.0,111.6,80.2,Light
2021-03-19,78,3,summer,37.6,41.6,0.0,12.5,1010.1,123.4,86.3,No Rain
2021-03-20,79,3,summer,36.3,35.5,3.5,13.9,1003.8,117.6,82.5,Light
2021-03-21,80,3,summer,32.7,34.6,0.0,12.4,1017.7,124.7,86.3,No Rain
2021-03-22,81,3,summer,38.0,39.1,3.6,16.3,1002.7,119.0,83.0,Light
2021-03-23,82,3,summer,35.8,44.6,0.0,13.8,1014.7,132.6,89.2,No Rain
2021-03-24,83,3,summer,36.9,40.8,14.2,13.5,1011.4,124.3,79.4,Moderate
2021-03-25,84,3,summer,35.6,31.0,0.0,12.9,1010.4,110.7,82.5,No Rain
2021-03-26,85,3,summer,40.8,37.8,0.0,12.1,1007.3,110.6,81.2,No Rain
2021-03-27,86,3,summer,46.3,34.6,0.0,15.0,1005.1,96.4,76.3,No Rain
2021-03-28,87,3,summer,35.6,36.4,0.0,9.9,1008.4,120.8,80.0,No Rain
2021-03-29,88,3,summer,33.4,42.3,0.0,17.1,1007.4,136.8,89.8,No Rain
2021-03-30,89,3,summer,39.6,32.8,0.0,11.0,1009.8,106.0,77.4,No Rain
2021-03-31,90,3,summer,33.7,41.1,0.0,15.7,1011.8,134.0,89.0,No Rain
2021-04-01,91,4,summer,36.5,37.1,0.0,12.5,1012.1,119.7,84.9,No Rain
2021-04-02,92,4,summer,33.1,38.7,0.0,11.5,1015.7,131.6,86.3,No Rain
2021-04-03,93,4,summer,42.3,42.9,0.0,9.2,1001.9,112.6,76.9,No Rain
2021-04-04,94,4,summer,35.9,42.1,6.6,12.1,1009.4,128.9,83.8,Moderate
2021-04-05,95,4,summer,36.6,34.6,0.0,11.9,1010.3,115.3,82.4,No Rain
2021-04-06,96,4,summer,37.5,40.6,0.0,12.2,1010.0,122.4,85.3,No Rain
2021-04-07,97,4,summer,37.2,48.1,0.0,12.1,1001.8,132.1,89.1,No Rain
2021-04-08,98,4,summer,38.2,48.0,18.6,17.3,1012.8,128.8,79.8,Moderate
2021-04-09,99,4,summer,35.6,37.0,3.2,11.1,1012.7,121.8,81.1,Light
2021-04-10,100,4,summer,42.0,39.5,0.0,8.9,1006.2,109.9,74.8,No Rain
2021-04-11,101,4,summer,33.1,44.4,0.0,12.5,1014.8,141.1,91.1,No Rain
2021-04-12,102,4,summer,34.6,48.7,0.0,12.3,1006.9,141.6,91.8,No Rain
2021-04-13,103,4,summer,37.7,48.1,0.0,11.5,1007.1,130.5,87.5,No Rain
2021-04-14,104,4,summer,34.3,41.4,0.0,10.9,1014.0,132.7,85.5,No Rain
2021-04-15,105,4,summer,36.7,43.3,0.0,12.5,1005.0,128.2,87.9,No Rain
2021-04-16,106,4,summer,35.3,43.2,0.0,10.5,1008.8,132.3,84.9,No Rain
2021-04-17,107,4,summer,37.8,40.7,0.0,17.7,1014.0,121.7,85.8,No Rain
2021-04-18,108,4,summer,34.6,45.0,0.0,13.9,1010.4,137.0,90.3,No Rain
2021-04-19,109,4,summer,35.4,37.7,0.0,8.9,1008.7,123.5,78.9,No Rain
2021-04-20,110,4,summer,37.6,46.4,0.0,12.3,1003.8,129.1,88.3,No Rain
2021-04-21,111,4,summer,33.3,46.0,0.0,12.2,1008.6,142.7,91.2,No Rain
2021-04-22,112,4,summer,35.1,47.0,0.0,13.0,1006.9,137.8,90.9,No Rain
2021-04-23,113,4,summer,38.7,40.4,0.0,14.3,1011.0,118.9,84.9,No Rain
2021-04-24,114,4,summer,37.3,58.2,32.0,12.4,1003.2,139.2,70.5,Heavy
2021-04-25,115,4,summer,39.5,43.2,37.7,11.3,1009.8,120.1,64.5,Heavy
2021-04-26,116,4,summer,36.1,34.7,0.0,8.1,1003.0,116.6,75.2,No Rain
2021-04-27,117,4,summer,33.2,42.6,0.0,8.7,1009.5,138.0,82.6,No Rain
2021-04-28,118,4,summer,38.0,35.6,0.6,13.2,1009.7,113.8,82.8,Light
2021-04-29,119,4,summer,36.8,43.4,0.0,9.7,1007.9,128.0,82.2,No Rain
2021-04-30,120,4,summer,33.6,42.8,0.0,10.0,1011.4,137.0,84.9,No Rain
2021-05-01,121,5,summer,32.4,44.0,0.0,8.3,1014.2,142.8,83.1,No Rain
2021-05-02,122,5,summer,34.5,40.3,0.0,11.7,1009.9,130.3,86.4,No Rain
2021-05-03,123,5,summer,35.1,34.3,0.0,13.4,1003.6,118.2,84.6,No Rain
2021-05-04,124,5,summer,37.1,41.9,0.0,12.5,1010.3,125.2,86.9,No Rain
2021-05-05,125,5,summer,35.4,42.3,0.0,11.0,1011.1,130.7,85.3,No Rain
2021-05-06,126,5,summer,36.5,46.6,0.0,11.9,1007.6,132.8,88.5,No Rain
2021-05-07,127,5,summer,39.1,53.6,2.5,12.2,1005.2,130.2,85.8,Light
2021-05-08,128,5,summer,37.4,47.4,25.6,16.7,1003.2,130.8,76.6,Heavy
2021-05-09,129,5,summer,40.1,37.5,0.0,14.0,1010.1,111.8,82.4,No Rain
2021-05-10,130,5,summer,39.5,41.3,0.0,9.7,1010.1,118.0,79.2,No Rain
2021-05-11,131,5,summer,39.0,36.9,0.0,9.9,1007.5,113.5,77.8,No Rain
2021-05-12,132,5,summer,36.3,44.3,12.4,14.6,1007.3,130.7,82.5,Moderate
2021-05-13,133,5,summer,37.4,43.8,0.0,8.9,1005.9,126.8,80.4,No Rain
2021-05-14,134,5,summer,37.1,50.8,0.0,13.8,1009.6,135.0,90.5,No Rain
2021-05-15,135,5,summer,33.2,40.5,0.0,8.7,1006.1,134.5,81.5,No Rain
2021-05-16,136,5,summer,37.4,41.7,0.0,12.5,1009.0,124.1,86.6,No Rain
2021-05-17,137,5,summer,36.4,46.5,0.0,17.5,1009.1,133.0,89.7,No Rain
2021-05-18,138,5,summer,35.5,44.7,15.2,11.1,1003.1,133.7,79.1,Moderate
2021-05-19,139,5,summer,34.6,43.2,0.0,14.2,1010.1,134.4,89.4,No Rain
2021-05-20,140,5,summer,37.2,33.3,0.0,11.5,1004.7,111.7,80.5,No Rain
2021-05-21,141,5,summer,36.1,33.5,0.0,16.2,1008.0,114.4,83.4,No Rain
2021-05-22,142,5,summer,35.7,46.4,0.0,11.7,1005.1,135.1,88.6,No Rain
2021-05-23,143,5,summer,35.4,41.6,0.0,13.2,1008.6,129.7,88.0,No Rain
2021-05-24,144,5,summer,31.2,40.8,4.8,13.4,1012.2,141.3,88.3,Light
2021-05-25,145,5,summer,43.9,32.1,0.0,10.4,1004.2,97.4,72.7,No Rain
2021-05-26,146,5,summer,29.4,50.8,0.0,12.9,1004.8,164.3,96.3,No Rain
2021-05-27,147,5,summer,36.4,36.5,0.0,11.4,1004.9,119.0,82.5,No Rain
2021-05-28,148,5,summer,34.7,49.4,0.0,13.6,1010.1,142.0,92.4,No Rain
2021-05-29,149,5,summer,38.9,32.4,0.0,10.5,1006.1,106.7,76.8,No Rain
2021-05-30,150,5,summer,35.6,41.1,0.0,10.5,1010.9,128.4,83.6,No Rain
2021-05-31,151,5,summer,35.7,33.6,0.0,17.0,1009.3,115.5,83.8,No Rain
2021-06-01,152,6,monsoon,32.8,94.8,56.9,21.5,997.1,145.0,46.8,Heavy
2021-06-02,153,6,monsoon,26.9,87.7,0.0,17.6,1001.8,26.9,79.7,No Rain
2021-06-03,154,6,monsoon,30.3,86.5,28.3,18.1,1000.5,168.9,63.6,Heavy
2021-06-04,155,6,monsoon,35.4,97.9,150.0,25.6,997.8,126.5,43.2,Very Heavy
2021-06-05,156,6,monsoon,31.3,96.5,52.9,22.3,997.5,151.1,47.0,Heavy
2021-06-06,157,6,monsoon,35.1,80.4,31.4,17.1,999.5,147.4,61.5,Heavy
2021-06-07,158,6,monsoon,27.4,94.8,39.5,20.8,1002.4,177.8,56.1,Heavy
2021-06-08,159,6,monsoon,27.3,94.2,28.3,11.7,1007.2,179.2,60.4,Heavy
2021-06-09,160,6,monsoon,28.3,69.8,9.1,17.2,1003.0,185.6,83.1,Moderate
2021-06-10,161,6,monsoon,29.0,80.3,0.0,14.9,997.0,180.6,81.8,No Rain
2021-06-11,162,6,monsoon,30.3,82.7,21.5,17.4,1002.4,171.7,68.9,Moderate
2021-06-12,163,6,monsoon,25.7,90.8,32.2,22.7,1000.6,25.7,63.0,Heavy
2021-06-13,164,6,monsoon,26.5,91.1,23.5,15.6,1002.9,26.5,66.6,Moderate
2021-06-14,165,6,monsoon,32.6,79.6,0.0,11.9,998.8,160.7,78.3,No Rain
2021-06-15,166,6,monsoon,28.9,96.4,82.9,20.4,998.4,165.9,48.9,Heavy
2021-06-16,167,6,monsoon,29.7,76.4,0.0,17.1,1001.2,177.8,83.3,No Rain
2021-06-17,168,6,monsoon,26.9,100.0,31.4,22.4,1000.5,26.9,57.9,Heavy
2021-06-18,169,6,monsoon,30.6,87.4,0.0,20.6,998.2,166.3,77.1,No Rain
2021-06-19,170,6,monsoon,28.8,97.1,30.9,21.1,999.4,165.5,58.2,Heavy
2021-06-20,171,6,monsoon,26.9,95.1,38.8,23.0,997.4,26.9,56.6,Heavy
2021-06-21,172,6,monsoon,30.5,89.1,10.9,16.1,1000.4,165.2,70.9,Moderate
2021-06-22,173,6,monsoon,35.3,93.1,94.0,21.1,994.6,134.0,45.7,Heavy
2021-06-23,174,6,monsoon,27.3,106.6,141.3,28.7,1004.4,158.1,48.3,Very Heavy
2021-06-24,175,6,monsoon,31.1,88.1,17.4,16.0,1003.2,162.7,67.7,Moderate
2021-06-25,176,6,monsoon,33.0,63.0,0.0,17.0,1006.5,159.4,87.5,No Rain
2021-06-26,177,6,monsoon,29.6,88.4,2.2,14.7,1000.3,171.3,76.2,Light
2021-06-27,178,6,monsoon,27.3,90.9,50.7,20.6,999.0,183.2,52.8,Heavy
2021-06-28,179,6,monsoon,30.1,78.7,28.7,16.2,1001.5,174.9,67.5,Heavy
2021-06-29,180,6,monsoon,27.1,99.7,72.1,21.8,999.7,172.4,48.6,Heavy
2021-06-30,181,6,monsoon,30.2,84.2,0.0,17.3,1003.4,171.3,79.0,No Rain
2021-07-01,182,7,monsoon,31.1,71.6,0.0,17.7,1005.5,170.7,84.6,No Rain
2021-07-02,183,7,monsoon,26.0,96.8,60.4,22.1,1007.1,26.0,50.9,Heavy
2021-07-03,184,7,monsoon,31.5,76.7,7.7,20.6,998.4,167.8,77.9,Moderate
2021-07-04,185,7,monsoon,25.3,90.5,44.9,19.0,1003.5,25.3,57.1,Heavy
2021-07-05,186,7,monsoon,31.5,76.5,0.0,18.4,995.6,167.9,81.9,No Rain
2021-07-06,187,7,monsoon,24.2,86.6,0.0,19.0,1003.3,24.2,81.1,No Rain
2021-07-07,188,7,monsoon,28.6,101.6,115.7,25.8,1001.8,159.3,47.3,Very Heavy
2021-07-08,189,7,monsoon,29.6,86.2,0.0,15.7,1000.7,173.3,78.4,No Rain
2021-07-09,190,7,monsoon,26.6,97.5,0.0,15.7,1002.4,26.6,75.0,No Rain
2021-07-10,191,7,monsoon,28.2,91.1,0.0,16.5,999.8,177.2,77.1,No Rain
2021-07-11,192,7,monsoon,29.7,98.9,46.0,22.3,999.1,157.0,49.0,Heavy
2021-07-12,193,7,monsoon,29.0,92.3,25.7,17.9,999.8,170.7,63.0,Heavy
2021-07-13,194,7,monsoon,29.5,74.2,23.4,14.6,1003.7,179.3,72.8,Moderate
2021-07-14,195,7,monsoon,22.7,85.2,150.0,28.0,1001.7,22.7,55.7,Very Heavy
2021-07-15,196,7,monsoon,27.4,88.9,9.3,9.4,999.4,184.5,67.9,Moderate
2021-07-16,197,7,monsoon,28.2,86.7,6.0,18.4,1003.8,181.4,76.2,Moderate
2021-07-17,198,7,monsoon,29.9,87.6,22.0,20.7,1000.2,170.2,66.5,Moderate
2021-07-18,199,7,monsoon,27.4,88.7,0.0,12.6,1000.0,184.7,78.8,No Rain
2021-07-19,200,7,monsoon,31.4,67.1,0.0,12.2,1001.5,168.5,86.1,No Rain
2021-07-20,201,7,monsoon,26.3,83.7,1.7,10.4,1003.7,26.3,77.1,Light
2021-07-21,202,7,monsoon,28.9,87.2,0.0,13.1,1001.1,176.7,78.5,No Rain
2021-07-22,203,7,monsoon,25.6,80.7,0.0,17.3,1004.0,25.6,84.2,No Rain
2021-07-23,204,7,monsoon,26.9,91.4,5.8,9.8,1002.9,26.9,69.6,Moderate
2021-07-24,205,7,monsoon,26.6,77.7,0.0,14.4,1003.2,26.6,84.9,No Rain
2021-07-25,206,7,monsoon,29.3,101.0,25.9,14.1,996.7,156.0,58.8,Heavy
2021-07-26,207,7,monsoon,27.6,89.2,36.1,15.8,1002.4,183.0,60.4,Heavy
2021-07-27,208,7,monsoon,31.7,86.3,14.4,17.5,999.8,161.0,69.6,Moderate
2021-07-28,209,7,monsoon,28.9,102.0,61.0,16.5,998.9,156.7,47.1,Heavy
2021-07-29,210,7,monsoon,30.5,79.0,0.0,23.7,1001.2,172.5,81.4,No Rain
2021-07-30,211,7,monsoon,28.1,76.0,0.0,13.5,1002.8,187.2,84.7,No Rain
2021-07-31,212,7,monsoon,27.5,92.5,6.4,26.2,1002.2,180.0,73.7,Moderate
2021-08-01,213,8,monsoon,24.3,90.0,0.0,18.2,1004.7,24.3,79.5,No Rain
2021-08-02,214,8,monsoon,26.3,82.2,9.1,18.9,997.4,26.3,78.4,Moderate
2021-08-03,215,8,monsoon,26.6,95.5,4.2,17.3,1000.8,26.6,73.9,Light
2021-08-04,216,8,monsoon,22.6,93.0,149.2,22.5,1000.2,22.6,51.7,Very Heavy
2021-08-05,217,8,monsoon,26.9,87.5,32.7,20.4,1001.2,26.9,63.5,Heavy
2021-08-06,218,8,monsoon,25.3,94.0,13.6,18.8,1001.5,25.3,71.0,Moderate
2021-08-07,219,8,monsoon,26.6,93.2,29.4,17.8,1001.9,26.6,62.5,Heavy
2021-08-08,220,8,monsoon,31.1,84.7,66.2,26.0,1000.5,165.7,53.1,Heavy
2021-08-09,221,8,monsoon,27.2,98.8,75.3,20.4,999.4,173.2,49.0,Heavy
2021-08-10,222,8,monsoon,24.8,93.9,64.2,23.2,1000.6,24.8,52.9,Heavy
2021-08-11,223,8,monsoon,24.2,79.7,0.0,14.9,1009.3,24.2,84.5,No Rain
2021-08-12,224,8,monsoon,29.0,90.7,92.8,22.6,1004.4,172.6,51.6,Heavy
2021-08-13,225,8,monsoon,27.5,91.8,39.2,16.3,1001.4,180.9,57.6,Heavy
2021-08-14,226,8,monsoon,27.5,85.1,0.0,16.7,1000.9,187.0,80.6,No Rain
2021-08-15,227,8,monsoon,23.1,84.9,8.7,16.8,1001.4,23.1,76.8,Moderate
2021-08-16,228,8,monsoon,26.9,82.6,0.0,18.4,997.2,26.9,82.3,No Rain
2021-08-17,229,8,monsoon,23.9,83.9,0.0,16.9,1002.1,23.9,82.2,No Rain
2021-08-18,230,8,monsoon,27.9,94.1,47.5,15.4,1002.2,175.5,52.0,Heavy
2021-08-19,231,8,monsoon,25.8,86.8,14.3,18.6,1004.4,25.8,73.8,Moderate
2021-08-20,232,8,monsoon,28.8,89.8,24.1,16.5,1001.0,174.8,65.2,Moderate
2021-08-21,233,8,monsoon,23.3,81.2,10.0,14.8,999.5,23.3,78.1,Moderate
2021-08-22,234,8,monsoon,27.3,72.2,0.0,12.6,1003.3,191.8,87.2,No Rain
2021-08-23,235,8,monsoon,30.5,87.9,30.9,16.9,1006.2,166.4,61.5,Heavy
2021-08-24,236,8,monsoon,28.3,77.4,0.0,12.1,1005.5,185.7,83.0,No Rain
2021-08-25,237,8,monsoon,25.2,72.4,0.0,13.6,1002.1,25.2,88.7,No Rain
2021-08-26,238,8,monsoon,25.3,97.3,62.8,19.8,1002.7,25.3,51.1,Heavy
2021-08-27,239,8,monsoon,27.3,102.9,13.3,16.2,1003.3,165.5,66.6,Moderate
2021-08-28,240,8,monsoon,26.0,96.6,77.2,26.5,1003.5,26.0,51.0,Heavy
2021-08-29,241,8,monsoon,24.1,95.6,55.8,17.7,1004.6,24.1,51.5,Heavy
2021-08-30,242,8,monsoon,25.5,96.1,63.9,24.3,1005.1,25.5,51.6,Heavy
2021-08-31,243,8,monsoon,28.3,85.3,16.1,11.8,999.1,181.9,70.4,Moderate
2021-09-01,244,9,monsoon,28.8,82.5,92.6,21.2,1000.1,180.7,55.9,Heavy
2021-09-02,245,9,monsoon,27.0,76.6,2.9,14.4,1004.2,193.7,83.8,Light
2021-09-03,246,9,monsoon,30.6,79.7,0.0,12.9,1005.5,171.6,80.9,No Rain
2021-09-04,247,9,monsoon,28.1,86.2,0.0,14.6,1004.0,182.5,79.6,No Rain
2021-09-05,248,9,monsoon,25.1,81.5,0.0,11.9,1001.3,25.1,83.0,No Rain
2021-09-06,249,9,monsoon,24.0,94.4,93.5,22.1,999.1,24.0,52.0,Heavy
2021-09-07,250,9,monsoon,25.3,87.5,25.3,14.3,1002.1,25.3,68.4,Heavy
2021-09-08,251,9,monsoon,27.2,77.7,15.5,20.6,1000.7,192.3,76.8,Moderate
2021-09-09,252,9,monsoon,29.1,69.5,0.0,14.9,1002.7,181.1,87.2,No Rain
2021-09-10,253,9,monsoon,24.8,79.8,0.0,18.7,999.0,24.8,85.0,No Rain
2021-09-11,254,9,monsoon,26.9,89.9,83.1,22.6,1000.6,26.9,53.6,Heavy
2021-09-12,255,9,monsoon,27.5,94.3,64.4,19.6,1005.8,177.8,51.0,Heavy
2021-09-13,256,9,monsoon,23.1,95.6,0.5,12.2,1004.9,23.1,74.9,Light
2021-09-14,257,9,monsoon,24.6,81.2,0.0,17.5,1000.9,24.6,84.1,No Rain
2021-09-15,258,9,monsoon,30.5,98.5,134.1,25.0,999.0,152.8,46.6,Very Heavy
2021-09-16,259,9,monsoon,24.3,87.6,11.1,15.8,1003.6,24.3,75.1,Moderate
2021-09-17,260,9,monsoon,27.0,90.0,115.1,26.2,1007.8,186.1,53.5,Very Heavy
2021-09-18,261,9,monsoon,25.0,92.0,7.6,17.0,1001.0,25.0,75.2,Moderate
2021-09-19,262,9,monsoon,24.2,92.6,57.9,18.4,1000.0,24.2,53.1,Heavy
2021-09-20,263,9,monsoon,25.4,98.7,13.1,21.7,997.6,25.4,68.8,Moderate
2021-09-21,264,9,monsoon,24.9,76.5,0.0,11.9,1010.1,24.9,85.5,No Rain
2021-09-22,265,9,monsoon,28.8,72.5,0.0,17.6,1001.5,183.2,85.9,No Rain
2021-09-23,266,9,monsoon,22.8,95.9,80.6,21.6,999.4,22.8,50.4,Heavy
2021-09-24,267,9,monsoon,29.5,82.5,0.0,15.5,1002.7,176.5,80.4,No Rain
2021-09-25,268,9,monsoon,27.7,82.7,0.0,14.1,997.8,187.3,81.6,No Rain
2021-09-26,269,9,monsoon,25.7,102.0,150.0,22.4,992.8,25.7,49.5,Very Heavy
2021-09-27,270,9,monsoon,24.9,89.6,70.6,20.8,1000.1,24.9,55.1,Heavy
2021-09-28,271,9,monsoon,25.1,89.7,56.9,18.0,1001.7,25.1,55.1,Heavy
2021-09-29,272,9,monsoon,26.6,84.5,18.8,21.1,1002.1,26.6,72.2,Moderate
2021-09-30,273,9,monsoon,28.9,96.6,71.8,20.3,996.0,165.6,48.8,Heavy
2021-10-01,274,10,post_monsoon,23.2,54.3,0.0,7.1,1015.0,23.2,85.7,No Rain
2021-10-02,275,10,post_monsoon,23.7,85.7,0.0,12.3,1014.0,23.7,80.8,No Rain
2021-10-03,276,10,post_monsoon,25.2,48.0,0.0,8.4,1009.2,25.2,90.6,No Rain
2021-10-04,277,10,post_monsoon,23.3,60.9,9.9,7.3,1019.0,23.3,77.9,Moderate
2021-10-05,278,10,post_monsoon,21.7,66.7,0.0,13.0,1017.6,21.7,89.2,No Rain
2021-10-06,279,10,post_monsoon,26.5,73.8,0.0,9.7,1009.8,26.5,81.4,No Rain
2021-10-07,280,10,post_monsoon,23.2,70.7,0.0,11.9,1013.4,23.2,87.1,No Rain
2021-10-08,281,10,post_monsoon,22.8,65.4,0.0,7.6,1015.8,22.8,80.9,No Rain
2021-10-09,282,10,post_monsoon,20.6,71.0,0.0,8.6,1022.0,20.6,78.4,No Rain
2021-10-10,283,10,post_monsoon,20.3,74.7,0.0,11.0,1015.3,20.3,81.1,No Rain
2021-10-11,284,10,post_monsoon,21.6,58.4,0.0,7.7,1019.8,21.6,83.7,No Rain
2021-10-12,285,10,post_monsoon,25.2,58.1,0.0,7.2,1017.2,25.2,85.2,No Rain
2021-10-13,286,10,post_monsoon,24.2,65.9,0.0,8.5,1017.0,24.2,83.4,No Rain
2021-10-14,287,10,post_monsoon,20.2,73.6,0.0,7.2,1015.4,20.2,74.0,No Rain
2021-10-15,288,10,post_monsoon,23.2,61.5,1.5,12.3,1023.2,23.2,91.8,Light
2021-10-16,289,10,post_monsoon,24.7,75.1,0.0,6.6,1017.8,24.7,75.4,No Rain
2021-10-17,290,10,post_monsoon,24.1,52.8,0.0,12.0,1012.2,24.1,96.9,No Rain
2021-10-18,291,10,post_monsoon,23.7,68.9,0.0,13.8,1015.7,23.7,89.6,No Rain
2021-10-19,292,10,post_monsoon,25.3,59.8,0.0,5.8,1019.0,25.3,81.5,No Rain
2021-10-20,293,10,post_monsoon,18.7,70.9,0.0,9.0,1018.0,18.7,77.8,No Rain
2021-10-21,294,10,post_monsoon,23.9,59.0,0.0,15.9,1012.1,23.9,94.7,No Rain
2021-10-22,295,10,post_monsoon,26.7,63.1,0.0,11.8,1013.7,26.7,90.8,No Rain
2021-10-23,296,10,post_monsoon,24.8,66.6,6.0,9.5,1014.3,24.8,82.6,Moderate
2021-10-24,297,10,post_monsoon,20.6,66.2,0.0,7.5,1016.1,20.6,78.6,No Rain
2021-10-25,298,10,post_monsoon,23.0,67.8,0.0,9.2,1014.4,23.0,83.0,No Rain
2021-10-26,299,10,post_monsoon,25.3,63.0,0.0,9.2,1007.8,25.3,86.7,No Rain
2021-10-27,300,10,post_monsoon,24.7,57.1,0.0,11.4,1014.3,24.7,94.0,No Rain
2021-10-28,301,10,post_monsoon,23.1,79.5,0.0,12.4,1013.8,23.1,83.6,No Rain
2021-10-29,302,10,post_monsoon,24.4,72.6,29.8,10.4,1017.7,24.4,69.2,Heavy
2021-10-30,303,10,post_monsoon,21.4,72.5,0.0,9.5,1017.6,21.4,80.0,No Rain
2021-10-31,304,10,post_monsoon,17.3,76.5,6.5,15.0,1018.3,17.3,77.7,Moderate
2021-11-01,305,11,post_monsoon,24.7,67.1,0.0,6.7,1008.8,24.7,79.6,No Rain
2021-11-02,306,11,post_monsoon,23.1,67.0,39.8,15.2,1014.7,23.1,70.2,Heavy
2021-11-03,307,11,post_monsoon,19.5,79.1,0.0,6.7,1013.7,19.5,69.7,No Rain
2021-11-04,308,11,post_monsoon,23.3,63.6,0.0,9.3,1016.9,23.3,85.5,No Rain
2021-11-05,309,11,post_monsoon,26.6,67.1,0.0,8.9,1012.1,26.6,83.0,No Rain
2021-11-06,310,11,post_monsoon,21.5,68.0,0.0,7.5,1015.1,21.5,78.4,No Rain
2021-11-07,311,11,post_monsoon,20.7,69.7,0.0,13.1,1012.4,20.7,86.9,No Rain
2021-11-08,312,11,post_monsoon,21.9,69.4,0.0,11.6,1014.4,21.9,86.2,No Rain
2021-11-09,313,11,post_monsoon,20.9,59.3,2.1,11.6,1020.2,20.9,89.4,Light
2021-11-10,314,11,post_monsoon,23.6,73.8,0.0,11.8,1012.0,23.6,85.7,No Rain
2021-11-11,315,11,post_monsoon,23.8,63.3,0.0,7.2,1014.2,23.8,81.9,No Rain
2021-11-12,316,11,post_monsoon,22.8,81.6,10.8,14.3,1007.4,22.8,77.2,Moderate
2021-11-13,317,11,post_monsoon,27.8,66.5,0.0,10.8,1013.9,187.1,86.2,No Rain
2021-11-14,318,11,post_monsoon,22.8,82.8,0.0,11.7,1015.7,22.8,80.3,No Rain
2021-11-15,319,11,post_monsoon,25.7,55.2,0.0,7.9,1019.7,25.7,87.7,No Rain
2021-11-16,320,11,post_monsoon,22.5,61.9,0.0,8.5,1008.5,22.5,84.2,No Rain
2021-11-17,321,11,post_monsoon,24.6,61.9,0.0,12.9,1016.2,24.6,93.8,No Rain
2021-11-18,322,11,post_monsoon,22.2,64.9,1.1,11.9,1014.5,22.2,88.7,Light
2021-11-19,323,11,post_monsoon,20.0,65.1,0.0,7.4,1014.8,20.0,78.5,No Rain
2021-11-20,324,11,post_monsoon,22.7,56.6,0.0,9.2,1020.3,22.7,88.4,No Rain
2021-11-21,325,11,post_monsoon,22.7,74.0,0.0,10.3,1018.2,22.7,81.9,No Rain
2021-11-22,326,11,post_monsoon,19.7,73.7,0.0,10.0,1016.2,19.7,79.2,No Rain
2021-11-23,327,11,post_monsoon,24.4,65.8,0.0,12.7,1016.1,24.4,91.7,No Rain
2021-11-24,328,11,post_monsoon,20.6,63.1,0.0,11.0,1016.0,20.6,87.2,No Rain
2021-11-25,329,11,post_monsoon,23.2,70.9,0.0,8.5,1014.5,23.2,80.2,No Rain
2021-11-26,330,11,post_monsoon,22.7,60.5,0.0,7.6,1013.1,22.7,83.2,No Rain
2021-11-27,331,11,post_monsoon,26.2,63.2,0.0,7.2,1017.2,26.2,81.9,No Rain
2021-11-28,332,11,post_monsoon,23.9,79.4,0.0,9.4,1016.3,23.9,78.3,No Rain
2021-11-29,333,11,post_monsoon,24.6,66.9,0.0,11.0,1013.1,24.6,88.2,No Rain
2021-11-30,334,11,post_monsoon,25.5,66.1,0.0,8.0,1010.7,25.5,82.6,No Rain
2021-12-01,335,12,winter,16.8,68.8,0.0,7.1,1021.3,16.8,73.7,No Rain
2021-12-02,336,12,winter,18.1,54.9,0.0,6.6,1027.5,18.1,80.6,No Rain
2021-12-03,337,12,winter,19.9,67.0,0.0,6.4,1014.3,19.9,75.5,No Rain
2021-12-04,338,12,winter,17.7,68.4,0.0,9.4,1020.2,17.7,79.1,No Rain
2021-12-05,339,12,winter,23.3,55.3,0.6,8.1,1019.0,23.3,87.0,Light
2021-12-06,340,12,winter,19.0,58.7,0.0,9.8,1019.2,19.0,85.8,No Rain
2021-12-07,341,12,winter,19.8,66.6,0.0,13.9,1021.4,19.8,87.8,No Rain
2021-12-08,342,12,winter,19.3,63.2,0.0,8.0,1024.6,19.3,80.1,No Rain
2021-12-09,343,12,winter,20.2,68.0,0.0,8.8,1017.0,20.2,80.0,No Rain
2021-12-10,344,12,winter,24.6,58.9,0.0,9.8,1016.5,24.6,89.8,No Rain
2021-12-11,345,12,winter,19.9,64.1,0.0,5.4,1020.2,19.9,74.9,No Rain
2021-12-12,346,12,winter,20.9,68.1,0.0,12.4,1017.0,20.9,87.7,No Rain
2021-12-13,347,12,winter,17.7,69.4,0.0,9.2,1020.5,17.7,78.2,No Rain
2021-12-14,348,12,winter,17.2,68.8,0.0,7.1,1019.3,17.2,74.0,No Rain
2021-12-15,349,12,winter,19.5,62.1,0.0,4.5,1016.8,19.5,73.8,No Rain
2021-12-16,350,12,winter,22.4,66.7,0.0,4.0,1021.1,22.4,72.7,No Rain
2021-12-17,351,12,winter,15.7,63.9,3.6,10.5,1019.2,15.7,80.3,Light
2021-12-18,352,12,winter,16.8,75.8,0.0,6.7,1021.1,16.8,69.4,No Rain
2021-12-19,353,12,winter,20.5,68.0,9.8,8.0,1021.0,20.5,73.7,Moderate
2021-12-20,354,12,winter,16.5,68.1,0.0,8.4,1018.8,16.5,76.4,No Rain
2021-12-21,355,12,winter,20.2,65.7,0.0,7.5,1016.2,20.2,78.5,No Rain
2021-12-22,356,12,winter,20.0,66.8,0.0,5.9,1023.9,20.0,74.7,No Rain
2021-12-23,357,12,winter,18.7,66.7,0.0,9.1,1018.8,18.7,80.1,No Rain
2021-12-24,358,12,winter,16.3,66.9,0.0,7.0,1018.8,16.3,74.0,No Rain
2021-12-25,359,12,winter,18.4,64.9,0.0,10.5,1018.6,18.4,83.6,No Rain
2021-12-26,360,12,winter,22.4,59.4,0.0,5.6,1020.5,22.4,79.5,No Rain
2021-12-27,361,12,winter,23.4,64.8,0.0,9.6,1018.5,23.4,85.6,No Rain
2021-12-28,362,12,winter,22.7,58.9,0.0,5.5,1020.5,22.7,79.8,No Rain
2021-12-29,363,12,winter,19.0,62.0,0.0,7.3,1018.9,19.0,79.1,No Rain
2021-12-30,364,12,winter,20.1,67.8,0.0,8.6,1026.2,20.1,79.6,No Rain
2021-12-31,365,12,winter,19.8,62.2,0.0,9.4,1015.5,19.8,83.8,No Rain
2022-01-01,1,1,winter,19.8,67.3,0.0,9.1,1018.5,19.8,80.7,No Rain
2022-01-02,2,1,winter,15.7,74.6,25.2,7.2,1019.7,15.7,57.5,Heavy
2022-01-03,3,1,winter,17.2,70.8,9.6,7.9,1024.8,17.2,69.8,Moderate
2022-01-04,4,1,winter,24.3,58.7,0.0,6.4,1021.0,24.3,82.9,No Rain
2022-01-05,5,1,winter,18.1,60.5,1.3,12.3,1019.5,18.1,88.5,Light
2022-01-06,6,1,winter,19.4,68.7,0.0,7.0,1020.8,19.4,75.4,No Rain
2022-01-07,7,1,winter,20.1,65.1,0.0,4.9,1018.9,20.1,73.6,No Rain
2022-01-08,8,1,winter,18.7,72.6,0.0,9.5,1022.6,18.7,78.0,No Rain
2022-01-09,9,1,winter,22.2,57.6,0.0,6.5,1015.8,22.2,82.1,No Rain
2022-01-10,10,1,winter,18.1,48.3,0.0,7.0,1024.8,18.1,83.0,No Rain
2022-01-11,11,1,winter,17.1,69.7,0.0,6.5,1017.8,17.1,72.2,No Rain
2022-01-12,12,1,winter,21.6,65.7,0.0,9.5,1017.1,21.6,83.6,No Rain
2022-01-13,13,1,winter,16.2,64.8,0.0,6.3,1019.0,16.2,73.6,No Rain
2022-01-14,14,1,winter,16.5,60.4,0.0,6.4,1017.4,16.5,76.2,No Rain
2022-01-15,15,1,winter,24.5,63.6,3.5,9.9,1014.6,24.5,85.9,Light
2022-01-16,16,1,winter,16.3,66.1,0.0,5.9,1018.1,16.3,72.2,No Rain
2022-01-17,17,1,winter,20.5,59.0,0.0,4.6,1022.4,20.5,76.3,No Rain
2022-01-18,18,1,winter,25.2,57.9,0.0,9.8,1015.9,25.2,90.5,No Rain
2022-01-19,19,1,winter,19.6,69.2,0.0,11.7,1016.9,19.6,84.8,No Rain
2022-01-20,20,1,winter,23.8,65.4,0.0,5.6,1019.2,23.8,77.6,No Rain
2022-01-21,21,1,winter,20.0,70.3,0.0,6.6,1022.8,20.0,74.3,No Rain
2022-01-22,22,1,winter,20.4,66.8,0.0,7.7,1020.3,20.4,78.5,No Rain
2022-01-23,23,1,winter,23.4,51.2,0.0,7.2,1015.3,23.4,87.6,No Rain
2022-01-24,24,1,winter,20.4,77.3,0.0,8.8,1020.6,20.4,75.5,No Rain
2022-01-25,25,1,winter,18.5,63.0,0.0,4.1,1014.7,18.5,71.8,No Rain
2022-01-26,26,1,winter,20.2,57.2,0.0,9.3,1021.1,20.2,86.4,No Rain
2022-01-27,27,1,winter,22.9,52.4,0.0,10.3,1016.1,22.9,92.8,No Rain
2022-01-28,28,1,winter,21.4,72.0,0.0,9.2,1019.4,21.4,79.7,No Rain
2022-01-29,29,1,winter,24.9,62.1,0.0,11.3,1015.7,24.9,91.5,No Rain
2022-01-30,30,1,winter,18.0,68.4,0.0,6.3,1025.2,18.0,73.1,No Rain
2022-01-31,31,1,winter,17.9,61.7,0.0,9.2,1022.3,17.9,82.2,No Rain
2022-02-01,32,2,winter,23.4,46.1,0.0,10.8,1022.7,23.4,93.4,No Rain
2022-02-02,33,2,winter,20.1,57.6,0.0,6.8,1017.2,20.1,81.1,No Rain
2022-02-03,34,2,winter,21.6,59.9,0.0,5.2,1016.9,21.6,77.9,No Rain
2022-02-04,35,2,winter,22.1,56.2,0.0,5.2,1021.7,22.1,80.1,No Rain
2022-02-05,36,2,winter,21.4,60.3,0.0,9.3,1019.6,21.4,85.8,No Rain
2022-02-06,37,2,winter,21.4,63.9,0.0,11.0,1018.3,21.4,87.3,No Rain
2022-02-07,38,2,winter,24.7,51.8,0.0,12.2,1021.1,24.7,98.3,No Rain
2022-02-08,39,2,winter,23.6,72.2,0.0,7.4,1010.9,23.6,77.7,No Rain
2022-02-09,40,2,winter,22.7,52.4,0.0,8.3,1019.6,22.7,88.7,No Rain
2022-02-10,41,2,winter,22.1,56.9,0.0,10.6,1024.2,22.1,90.6,No Rain
2022-02-11,42,2,winter,24.2,57.7,0.0,5.3,1016.4,24.2,81.1,No Rain
2022-02-12,43,2,winter,21.8,74.4,0.0,9.4,1016.5,21.8,79.2,No Rain
2022-02-13,44,2,winter,23.7,63.1,0.0,9.3,1020.6,23.7,86.1,No Rain
2022-02-14,45,2,winter,22.1,59.1,0.0,9.8,1023.7,22.1,87.9,No Rain
2022-02-15,46,2,winter,21.2,68.9,0.0,6.9,1016.2,21.2,76.5,No Rain
2022-02-16,47,2,winter,20.5,69.0,23.7,7.2,1012.6,20.5,64.7,Moderate
2022-02-17,48,2,winter,27.6,73.1,0.0,9.4,1014.5,190.2,80.3,No Rain
2022-02-18,49,2,winter,19.4,67.7,0.0,6.8,1021.0,19.4,75.5,No Rain
2022-02-19,50,2,winter,19.6,58.3,0.0,8.3,1016.1,19.6,83.4,No Rain
2022-02-20,51,2,winter,20.7,59.8,0.0,4.7,1021.9,20.7,76.3,No Rain
2022-02-21,52,2,winter,22.3,73.0,0.0,10.5,1015.1,22.3,82.5,No Rain
2022-02-22,53,2,winter,24.9,61.7,0.0,7.3,1019.8,24.9,83.7,No Rain
2022-02-23,54,2,winter,18.5,66.7,0.0,8.4,1020.3,18.5,78.6,No Rain
2022-02-24,55,2,winter,19.6,72.7,0.0,7.4,1019.6,19.6,74.4,No Rain
2022-02-25,56,2,winter,20.1,78.8,13.8,10.4,1018.1,20.1,70.8,Moderate
2022-02-26,57,2,winter,19.3,73.4,0.0,15.4,1020.9,19.3,84.0,No Rain
2022-02-27,58,2,winter,24.9,57.5,0.0,10.0,1015.3,24.9,91.2,No Rain
2022-02-28,59,2,winter,20.5,66.2,0.0,7.5,1020.8,20.5,78.5,No Rain
2022-03-01,60,3,summer,38.9,40.1,0.0,12.7,1010.4,118.1,84.6,No Rain
2022-03-02,61,3,summer,37.2,34.2,0.0,10.7,1009.6,113.3,79.3,No Rain
2022-03-03,62,3,summer,33.5,51.8,0.0,12.6,1007.6,149.0,92.7,No Rain
2022-03-04,63,3,summer,39.9,40.7,0.0,10.8,1009.5,116.3,80.8,No Rain
2022-03-05,64,3,summer,36.9,37.4,0.0,14.3,1008.3,119.2,84.8,No Rain
2022-03-06,65,3,summer,39.2,36.6,0.0,9.5,1008.9,112.6,76.7,No Rain
2022-03-07,66,3,summer,37.6,36.8,0.0,13.3,1008.6,116.6,83.9,No Rain
2022-03-08,67,3,summer,37.5,35.2,0.0,10.1,1012.1,114.3,78.4,No Rain
2022-03-09,68,3,summer,36.1,51.3,44.5,17.8,1002.4,138.9,68.8,Heavy
2022-03-10,69,3,summer,35.7,44.7,0.0,10.9,1011.8,133.0,86.1,No Rain
2022-03-11,70,3,summer,40.6,42.8,0.0,14.8,1005.2,116.8,84.7,No Rain
2022-03-12,71,3,summer,36.7,41.5,0.0,14.6,1008.5,125.8,87.0,No Rain
2022-03-13,72,3,summer,37.9,37.9,0.0,8.6,1010.5,117.5,76.5,No Rain
2022-03-14,73,3,summer,38.0,43.7,0.0,11.4,1009.7,124.9,84.9,No Rain
2022-03-15,74,3,summer,38.8,46.3,5.7,13.7,1006.8,125.4,84.9,Moderate
2022-03-16,75,3,summer,41.3,35.7,0.0,10.2,1007.0,106.8,76.0,No Rain
2022-03-17,76,3,summer,31.4,46.9,0.0,11.0,1011.1,150.8,90.7,No Rain
2022-03-18,77,3,summer,34.0,40.9,0.0,7.9,1012.0,132.8,79.5,No Rain
2022-03-19,78,3,summer,38.7,33.8,0.0,13.8,1006.5,109.4,81.6,No Rain
2022-03-20,79,3,summer,38.2,44.2,0.0,10.2,1007.3,124.9,82.6,No Rain
2022-03-21,80,3,summer,36.3,43.0,0.0,9.7,1007.0,129.0,82.4,No Rain
2022-03-22,81,3,summer,33.7,38.9,0.0,13.2,1013.1,130.2,87.9,No Rain
2022-03-23,82,3,summer,36.8,35.7,0.0,16.8,1014.1,116.7,84.0,No Rain
2022-03-24,83,3,summer,36.1,47.1,0.0,12.7,1013.6,134.6,90.2,No Rain
2022-03-25,84,3,summer,37.2,42.2,0.0,12.0,1009.8,125.3,86.0,No Rain
2022-03-26,85,3,summer,38.1,37.8,0.9,11.0,1004.1,116.9,80.6,Light
2022-03-27,86,3,summer,37.4,43.8,0.0,12.8,1011.1,126.8,87.6,No Rain
2022-03-28,87,3,summer,33.8,39.6,0.0,13.0,1005.8,131.2,88.2,No Rain
2022-03-29,88,3,summer,39.5,31.5,0.0,8.2,1007.5,104.1,71.3,No Rain
2022-03-30,89,3,summer,32.3,46.8,0.0,10.5,1014.3,147.3,88.9,No Rain
2022-03-31,90,3,summer,36.1,43.2,0.0,13.6,1007.5,129.9,88.3,No Rain
2022-04-01,91,4,summer,40.0,42.1,0.0,9.2,1011.7,117.6,78.2,No Rain
2022-04-02,92,4,summer,35.4,41.8,0.0,11.4,1008.6,130.0,85.9,No Rain
2022-04-03,93,4,summer,37.6,32.9,0.0,12.7,1007.8,110.2,82.0,No Rain
2022-04-04,94,4,summer,34.5,48.8,0.0,16.7,1006.8,142.0,92.3,No Rain
2022-04-05,95,4,summer,36.7,53.1,0.0,16.7,1006.0,138.2,89.7,No Rain
2022-04-06,96,4,summer,35.6,35.9,0.0,12.7,1010.5,119.9,85.0,No Rain
2022-04-07,97,4,summer,37.3,51.0,17.0,17.7,1007.1,134.4,81.8,Moderate
2022-04-08,98,4,summer,34.5,47.3,0.0,13.6,1011.9,140.2,91.5,No Rain
2022-04-09,99,4,summer,35.2,37.0,0.0,11.0,1010.5,122.9,82.8,No Rain
2022-04-10,100,4,summer,40.2,35.7,0.0,17.3,1011.1,109.1,81.5,No Rain
2022-04-11,101,4,summer,37.5,36.6,0.0,11.0,1000.6,116.5,80.9,No Rain
2022-04-12,102,4,summer,37.9,44.4,0.0,12.4,1008.1,126.0,87.3,No Rain
2022-04-13,103,4,summer,40.0,52.2,0.0,14.3,1000.4,126.4,87.7,No Rain
2022-04-14,104,4,summer,34.8,46.0,0.0,11.6,1012.0,137.6,88.9,No Rain
2022-04-15,105,4,summer,37.0,33.6,0.0,9.2,1012.3,112.7,76.2,No Rain
2022-04-16,106,4,summer,38.2,38.1,5.7,11.4,1011.2,117.1,79.1,Moderate
2022-04-17,107,4,summer,36.2,42.1,10.7,12.7,1012.5,128.1,82.3,Moderate
2022-04-18,108,4,summer,36.8,41.4,0.0,8.4,1010.0,125.4,78.7,No Rain
2022-04-19,109,4,summer,36.5,41.1,0.0,12.0,1012.3,125.8,85.9,No Rain
2022-04-20,110,4,summer,33.9,50.7,0.0,12.7,1010.9,146.3,93.0,No Rain
2022-04-21,111,4,summer,38.5,33.0,0.0,10.3,1008.2,108.5,77.0,No Rain
2022-04-22,112,4,summer,38.1,34.6,0.0,12.5,1011.8,112.0,82.5,No Rain
2022-04-23,113,4,summer,32.5,45.8,0.0,10.8,1011.3,145.2,88.9,No Rain
2022-04-24,114,4,summer,39.8,39.8,0.0,15.2,1002.6,115.4,83.8,No Rain
2022-04-25,115,4,summer,39.2,42.2,0.0,12.8,1007.1,119.8,85.5,No Rain
2022-04-26,116,4,summer,36.3,41.6,0.0,17.1,1007.1,127.1,87.3,No Rain
2022-04-27,117,4,summer,36.7,33.6,0.0,15.7,1008.3,113.3,83.0,No Rain
2022-04-28,118,4,summer,38.3,41.0,0.0,12.2,1008.5,120.8,84.9,No Rain
2022-04-29,119,4,summer,33.3,35.4,0.0,12.0,1010.0,124.8,85.5,No Rain
2022-04-30,120,4,summer,39.4,45.7,0.0,14.2,1008.3,123.0,87.1,No Rain
2022-05-01,121,5,summer,40.3,36.6,0.0,9.3,1006.5,110.1,75.4,No Rain
2022-05-02,122,5,summer,34.9,36.3,0.0,13.5,1009.7,122.4,85.7,No Rain
2022-05-03,123,5,summer,33.5,39.9,23.2,14.1,1011.7,132.6,77.0,Moderate
2022-05-04,124,5,summer,40.6,41.7,0.0,8.8,1009.5,115.6,76.8,No Rain
2022-05-05,125,5,summer,31.3,43.1,0.0,9.6,1013.1,145.1,86.0,No Rain
2022-05-06,126,5,summer,36.4,43.3,0.0,12.1,1006.5,129.1,87.3,No Rain
2022-05-07,127,5,summer,34.6,42.1,0.0,16.6,1009.0,132.8,88.8,No Rain
2022-05-08,128,5,summer,34.8,49.1,47.7,11.7,1014.7,141.3,66.8,Heavy
2022-05-09,129,5,summer,36.7,38.9,0.0,11.4,1004.3,122.1,83.5,No Rain
2022-05-10,130,5,summer,35.2,37.8,0.0,16.5,1008.0,124.2,86.2,No Rain
2022-05-11,131,5,summer,37.2,36.1,0.0,16.2,1006.3,116.4,83.9,No Rain
2022-05-12,132,5,summer,37.0,39.6,0.0,8.8,999.8,122.3,78.4,No Rain
2022-05-13,133,5,summer,31.4,43.5,0.0,13.7,1013.4,145.4,92.0,No Rain
2022-05-14,134,5,summer,37.2,33.9,0.0,12.4,1008.6,112.7,82.6,No Rain
2022-05-15,135,5,summer,36.0,39.0,0.0,11.8,1012.3,124.1,84.8,No Rain
2022-05-16,136,5,summer,35.1,36.5,0.0,12.6,1011.6,122.2,85.7,No Rain
2022-05-17,137,5,summer,39.9,32.4,0.0,11.2,1012.1,104.8,77.4,No Rain
2022-05-18,138,5,summer,31.7,53.5,26.7,18.8,1003.9,158.0,79.9,Heavy
2022-05-19,139,5,summer,39.3,40.5,0.0,12.9,1012.6,117.5,84.5,No Rain
2022-05-20,140,5,summer,36.8,44.8,0.0,11.4,1006.0,129.8,86.3,No Rain
2022-05-21,141,5,summer,34.7,40.1,0.0,13.2,1012.5,129.4,87.8,No Rain
2022-05-22,142,5,summer,35.7,34.6,0.0,10.7,1013.3,117.4,80.7,No Rain
2022-05-23,143,5,summer,34.8,47.6,0.0,10.4,1008.0,139.6,87.2,No Rain
2022-05-24,144,5,summer,35.3,39.8,0.0,12.4,1001.8,127.2,87.0,No Rain
2022-05-25,145,5,summer,41.8,34.6,0.0,10.5,1004.8,104.4,75.7,No Rain
2022-05-26,146,5,summer,31.8,64.1,60.0,17.6,1008.1,165.5,62.9,Heavy
2022-05-27,147,5,summer,36.5,38.5,0.0,12.0,1009.5,122.0,84.6,No Rain
2022-05-28,148,5,summer,37.2,37.8,0.0,17.4,1005.7,119.1,84.8,No Rain
2022-05-29,149,5,summer,31.4,46.7,0.0,13.0,1004.6,150.5,93.6,No Rain
2022-05-30,150,5,summer,34.5,45.2,0.0,11.9,1009.9,137.6,89.3,No Rain
2022-05-31,151,5,summer,38.9,39.6,0.0,10.1,1005.1,117.4,79.6,No Rain
2022-06-01,152,6,monsoon,29.8,86.5,0.4,16.7,1002.7,171.8,78.0,Light
2022-06-02,153,6,monsoon,29.4,80.5,0.0,19.0,998.7,178.2,81.5,No Rain
2022-06-03,154,6,monsoon,32.4,103.4,99.8,22.8,1002.4,133.1,44.5,Heavy
2022-06-04,155,6,monsoon,31.6,84.2,0.0,13.9,999.4,163.2,77.9,No Rain
2022-06-05,156,6,monsoon,30.5,95.0,93.0,27.0,1003.9,158.0,48.4,Heavy
2022-06-06,157,6,monsoon,31.7,89.4,9.2,16.0,999.9,157.9,70.7,Moderate
2022-06-07,158,6,monsoon,33.8,79.5,0.0,15.0,1002.3,154.5,78.7,No Rain
2022-06-08,159,6,monsoon,24.9,98.9,63.0,21.9,1006.3,24.9,50.5,Heavy
2022-06-09,160,6,monsoon,31.0,81.6,0.0,14.0,1002.1,168.4,79.7,No Rain
2022-06-10,161,6,monsoon,30.3,79.7,14.5,17.8,1000.1,173.3,73.9,Moderate
2022-06-11,162,6,monsoon,33.8,81.4,0.0,13.1,996.1,153.3,77.7,No Rain
2022-06-12,163,6,monsoon,29.3,96.8,29.2,20.4,1000.5,162.8,58.8,Heavy
2022-06-13,164,6,monsoon,26.2,95.3,51.8,16.5,1002.3,26.2,51.5,Heavy
2022-06-14,165,6,monsoon,30.1,83.4,38.2,16.9,996.6,172.4,60.4,Heavy
2022-06-15,166,6,monsoon,32.0,96.9,87.4,21.0,1002.4,146.5,46.3,Heavy
2022-06-16,167,6,monsoon,28.9,81.5,25.8,16.0,1004.3,180.6,68.4,Heavy
2022-06-17,168,6,monsoon,26.9,75.8,0.0,13.1,1004.0,26.9,85.7,No Rain
2022-06-18,169,6,monsoon,27.0,97.9,27.3,16.0,1002.3,176.0,60.9,Heavy
2022-06-19,170,6,monsoon,33.3,96.2,29.8,14.5,994.9,140.2,55.8,Heavy
2022-06-20,171,6,monsoon,31.4,89.3,21.0,18.1,994.5,159.7,65.1,Moderate
2022-06-21,172,6,monsoon,28.9,76.9,25.9,19.0,1002.0,182.3,70.7,Heavy
2022-06-22,173,6,monsoon,30.9,92.6,150.0,21.1,1000.5,158.8,49.3,Very Heavy
2022-06-23,174,6,monsoon,32.6,79.4,2.7,16.7,998.5,160.8,78.2,Light
2022-06-24,175,6,monsoon,28.3,68.4,15.7,16.3,1000.5,185.2,80.5,Moderate
2022-06-25,176,6,monsoon,30.0,76.9,2.0,9.5,1003.9,176.0,75.8,Light
2022-06-26,177,6,monsoon,30.2,79.6,6.0,22.6,1003.7,173.9,78.3,Moderate
2022-06-27,178,6,monsoon,24.4,93.1,14.7,13.3,996.0,24.4,70.7,Moderate
2022-06-28,179,6,monsoon,30.5,80.5,2.1,13.6,1001.6,171.8,79.6,Light
2022-06-29,180,6,monsoon,35.2,89.6,0.0,14.0,1001.4,138.8,72.5,No Rain
2022-06-30,181,6,monsoon,27.7,85.4,0.0,18.6,1006.6,185.6,80.3,No Rain
2022-07-01,182,7,monsoon,28.9,90.7,40.8,20.7,998.5,173.2,56.3,Heavy
2022-07-02,183,7,monsoon,27.6,92.5,126.9,29.0,998.4,179.4,51.8,Very Heavy
2022-07-03,184,7,monsoon,28.2,101.4,27.0,18.2,1003.3,162.3,59.1,Heavy
2022-07-04,185,7,monsoon,29.0,85.8,19.8,18.1,1002.1,177.2,69.2,Moderate
2022-07-05,186,7,monsoon,24.3,91.9,48.5,19.9,1001.5,24.3,54.3,Heavy
2022-07-06,187,7,monsoon,29.0,72.4,14.6,16.7,998.1,182.1,78.5,Moderate
2022-07-07,188,7,monsoon,29.0,89.4,47.9,15.9,995.5,174.0,53.3,Heavy
2022-07-08,189,7,monsoon,30.5,91.5,0.0,13.5,994.8,162.6,75.1,No Rain
2022-07-09,190,7,monsoon,29.0,95.3,90.3,24.5,1000.1,166.8,49.4,Heavy
2022-07-10,191,7,monsoon,26.6,94.5,0.0,13.5,1002.5,26.6,76.5,No Rain
2022-07-11,192,7,monsoon,30.8,91.2,35.5,19.2,1001.8,161.1,57.3,Heavy
2022-07-12,193,7,monsoon,30.9,92.2,88.0,23.7,997.4,159.3,49.5,Heavy
2022-07-13,194,7,monsoon,25.6,96.4,105.6,22.3,1000.0,25.6,51.3,Very Heavy
2022-07-14,195,7,monsoon,27.7,81.6,20.4,25.7,1003.2,187.9,72.0,Moderate
2022-07-15,196,7,monsoon,30.2,97.5,77.4,24.8,1003.9,156.2,47.4,Heavy
2022-07-16,197,7,monsoon,28.3,88.6,0.0,15.8,1001.3,179.1,78.2,No Rain
2022-07-17,198,7,monsoon,28.2,86.9,4.5,15.0,1006.0,181.3,76.9,Light
2022-07-18,199,7,monsoon,32.1,87.1,14.2,17.3,1001.2,158.0,69.0,Moderate
2022-07-19,200,7,monsoon,26.8,88.9,16.8,11.0,1001.6,26.8,67.8,Moderate
2022-07-20,201,7,monsoon,24.1,93.5,41.2,20.0,1008.9,24.1,57.0,Heavy
2022-07-21,202,7,monsoon,31.1,95.4,31.3,16.4,1002.6,153.9,57.1,Heavy
2022-07-22,203,7,monsoon,27.9,83.6,23.3,16.2,999.8,185.5,69.4,Moderate
2022-07-23,204,7,monsoon,29.7,82.2,0.0,11.2,1001.0,175.5,77.8,No Rain
2022-07-24,205,7,monsoon,25.5,96.5,49.1,22.4,1004.0,25.5,51.8,Heavy
2022-07-25,206,7,monsoon,27.2,80.6,0.0,14.3,1001.9,191.4,83.1,No Rain
2022-07-26,207,7,monsoon,30.7,90.3,9.2,16.3,995.5,162.7,71.0,Moderate
2022-07-27,208,7,monsoon,28.2,88.0,16.7,16.0,1000.5,180.3,70.2,Moderate
2022-07-28,209,7,monsoon,30.3,85.9,28.6,16.2,992.8,169.4,63.8,Heavy
2022-07-29,210,7,monsoon,27.4,76.6,0.0,17.0,999.0,191.2,84.9,No Rain
2022-07-30,211,7,monsoon,31.0,84.1,4.7,14.5,1001.6,166.7,76.1,Light
2022-07-31,212,7,monsoon,25.8,94.3,38.0,22.3,1006.9,25.8,58.2,Heavy
2022-08-01,213,8,monsoon,29.9,96.8,80.6,26.7,1001.8,159.1,47.9,Heavy
2022-08-02,214,8,monsoon,26.1,83.4,0.0,16.9,1008.6,26.1,82.5,No Rain
2022-08-03,215,8,monsoon,24.8,93.2,90.1,26.3,998.8,24.8,53.2,Heavy
2022-08-04,216,8,monsoon,26.8,90.8,59.5,25.7,1005.1,26.8,53.2,Heavy
2022-08-05,217,8,monsoon,28.2,99.5,0.0,10.3,995.8,165.5,68.5,No Rain
2022-08-06,218,8,monsoon,25.3,99.6,48.5,21.6,1000.8,25.3,50.7,Heavy
2022-08-07,219,8,monsoon,27.9,90.8,0.4,15.0,1003.1,179.4,77.2,Light
2022-08-08,220,8,monsoon,23.4,101.0,150.0,30.1,1003.0,23.4,48.8,Very Heavy
2022-08-09,221,8,monsoon,27.2,105.0,32.0,20.1,1003.5,162.0,57.4,Heavy
2022-08-10,222,8,monsoon,27.5,92.3,48.8,20.5,1002.7,180.3,52.6,Heavy
2022-08-11,223,8,monsoon,28.5,78.5,0.0,12.0,1000.6,184.2,82.1,No Rain
2022-08-12,224,8,monsoon,30.8,81.4,23.6,22.8,998.0,169.6,68.1,Moderate
2022-08-13,225,8,monsoon,25.1,91.2,16.2,15.4,998.8,25.1,71.2,Moderate
2022-08-14,226,8,monsoon,27.4,85.5,0.0,15.6,1003.0,187.4,80.5,No Rain
2022-08-15,227,8,monsoon,29.6,99.2,58.7,18.9,999.2,157.2,46.9,Heavy
2022-08-16,228,8,monsoon,27.5,89.2,36.2,23.7,1000.1,183.6,60.4,Heavy
2022-08-17,229,8,monsoon,23.3,85.6,3.0,15.9,1000.0,23.3,79.4,Light
2022-08-18,230,8,monsoon,26.9,93.5,76.3,21.8,1002.7,26.9,51.8,Heavy
2022-08-19,231,8,monsoon,26.8,77.4,0.0,13.1,998.8,26.8,84.9,No Rain
2022-08-20,232,8,monsoon,28.1,85.3,0.0,17.8,1001.4,183.1,80.0,No Rain
2022-08-21,233,8,monsoon,26.4,77.8,0.0,16.7,1003.7,26.4,85.1,No Rain
2022-08-22,234,8,monsoon,27.1,82.8,5.7,16.4,1003.7,191.0,79.2,Moderate
2022-08-23,235,8,monsoon,24.6,94.2,125.0,23.0,1002.3,24.6,52.6,Very Heavy
2022-08-24,236,8,monsoon,26.9,90.3,91.9,24.1,1006.0,26.9,53.4,Heavy
2022-08-25,237,8,monsoon,28.1,67.7,2.7,15.3,1006.5,186.0,87.5,Light
2022-08-26,238,8,monsoon,29.3,80.9,0.0,14.9,1005.8,178.6,81.3,No Rain
2022-08-27,239,8,monsoon,28.9,91.5,124.0,26.0,997.2,172.3,51.3,Very Heavy
2022-08-28,240,8,monsoon,27.5,87.2,29.0,18.8,1004.4,185.4,65.0,Heavy
2022-08-29,241,8,monsoon,27.2,93.3,81.3,21.0,1002.9,181.0,51.7,Heavy
2022-08-30,242,8,monsoon,24.4,95.1,45.6,20.5,1004.4,24.4,54.2,Heavy
2022-08-31,243,8,monsoon,27.4,82.8,0.0,12.2,1001.0,189.1,81.2,No Rain
2022-09-01,244,9,monsoon,27.6,82.4,28.5,17.4,999.2,188.1,67.6,Heavy
2022-09-02,245,9,monsoon,28.9,96.4,36.4,19.9,996.9,165.9,55.7,Heavy
2022-09-03,246,9,monsoon,31.2,75.0,0.3,13.7,1006.4,169.9,82.7,Light
2022-09-04,247,9,monsoon,27.4,83.1,14.2,12.1,1001.5,188.9,73.8,Moderate
2022-09-05,248,9,monsoon,30.4,86.5,150.0,22.5,1001.1,168.3,52.7,Very Heavy
2022-09-06,249,9,monsoon,28.8,91.2,0.0,15.0,995.5,173.3,76.5,No Rain
2022-09-07,250,9,monsoon,22.9,94.2,28.9,17.9,1005.8,22.9,61.9,Heavy
2022-09-08,251,9,monsoon,29.4,83.4,0.0,15.4,1005.2,176.5,80.0,No Rain
2022-09-09,252,9,monsoon,27.1,89.5,0.0,14.0,1000.0,185.9,78.7,No Rain
2022-09-10,253,9,monsoon,25.0,96.1,58.5,27.8,1002.7,25.0,52.0,Heavy
2022-09-11,254,9,monsoon,26.3,98.9,23.6,17.0,996.1,26.3,62.8,Moderate
2022-09-12,255,9,monsoon,26.4,93.6,48.4,21.8,1001.1,26.4,53.0,Heavy
2022-09-13,256,9,monsoon,28.0,93.3,0.0,12.1,998.5,175.8,75.3,No Rain
2022-09-14,257,9,monsoon,23.7,72.9,6.9,14.9,1006.4,23.7,84.1,Moderate
2022-09-15,258,9,monsoon,28.7,78.6,2.4,14.0,1002.1,183.0,81.7,Light
2022-09-16,259,9,monsoon,27.5,87.2,0.0,14.0,1001.0,185.4,79.5,No Rain
2022-09-17,260,9,monsoon,28.6,88.7,0.0,13.8,996.3,177.1,77.9,No Rain
2022-09-18,261,9,monsoon,29.7,87.5,0.0,12.3,1001.1,171.5,77.3,No Rain
2022-09-19,262,9,monsoon,26.2,100.9,58.7,22.1,1000.1,26.2,49.1,Heavy
2022-09-20,263,9,monsoon,25.6,82.6,0.0,13.1,1000.2,25.6,83.2,No Rain
2022-09-21,264,9,monsoon,26.3,79.9,0.0,15.0,997.5,26.3,84.1,No Rain
2022-09-22,265,9,monsoon,23.9,93.1,0.0,12.4,1005.3,23.9,77.4,No Rain
2022-09-23,266,9,monsoon,25.2,87.6,0.0,13.3,1000.2,25.2,81.1,No Rain
2022-09-24,267,9,monsoon,28.2,99.1,73.2,20.9,998.8,166.2,48.1,Heavy
2022-09-25,268,9,monsoon,23.2,87.8,0.9,17.7,1006.5,23.2,79.3,Light
2022-09-26,269,9,monsoon,27.9,90.9,0.0,14.6,1003.7,179.3,77.4,No Rain
2022-09-27,270,9,monsoon,23.4,95.2,7.8,21.2,997.9,23.4,72.3,Moderate
2022-09-28,271,9,monsoon,22.2,85.3,0.0,14.6,1001.0,22.2,80.2,No Rain
2022-09-29,272,9,monsoon,26.6,95.4,0.0,16.3,997.2,26.6,76.1,No Rain
2022-09-30,273,9,monsoon,27.1,86.6,38.4,20.5,1000.3,188.5,60.9,Heavy
2022-10-01,274,10,post_monsoon,20.4,56.9,0.0,10.1,1013.7,20.4,88.3,No Rain
2022-10-02,275,10,post_monsoon,23.0,65.3,0.0,10.7,1017.3,23.0,87.2,No Rain
2022-10-03,276,10,post_monsoon,21.6,72.7,0.0,10.8,1018.1,21.6,82.7,No Rain
2022-10-04,277,10,post_monsoon,22.0,63.9,0.0,10.3,1015.6,22.0,86.4,No Rain
2022-10-05,278,10,post_monsoon,24.2,70.5,40.0,17.6,1016.3,24.2,69.2,Heavy
2022-10-06,279,10,post_monsoon,21.3,59.5,0.0,11.8,1015.3,21.3,91.1,No Rain
2022-10-07,280,10,post_monsoon,25.1,56.0,0.0,14.8,1013.9,25.1,96.9,No Rain
2022-10-08,281,10,post_monsoon,23.2,76.1,13.1,14.2,1012.8,23.2,79.0,Moderate
2022-10-09,282,10,post_monsoon,22.5,69.0,0.0,9.0,1010.8,22.5,81.6,No Rain
2022-10-10,283,10,post_monsoon,24.3,54.5,0.0,9.5,1013.8,24.3,91.2,No Rain
2022-10-11,284,10,post_monsoon,24.0,71.8,0.0,10.5,1014.9,24.0,84.3,No Rain
2022-10-12,285,10,post_monsoon,21.7,71.0,0.0,8.0,1014.2,21.7,78.0,No Rain
2022-10-13,286,10,post_monsoon,21.6,58.2,0.0,7.9,1018.1,21.6,84.1,No Rain
2022-10-14,287,10,post_monsoon,25.6,64.9,0.0,7.1,1013.3,25.6,81.3,No Rain
2022-10-15,288,10,post_monsoon,22.3,72.6,0.0,9.3,1012.1,22.3,80.3,No Rain
2022-10-16,289,10,post_monsoon,22.1,69.4,0.0,11.3,1012.1,22.1,85.7,No Rain
2022-10-17,290,10,post_monsoon,22.6,70.0,0.0,13.2,1007.1,22.6,88.2,No Rain
2022-10-18,291,10,post_monsoon,22.0,67.7,0.0,10.1,1012.7,22.0,84.1,No Rain
2022-10-19,292,10,post_monsoon,23.5,70.1,0.0,12.6,1018.3,23.5,88.8,No Rain
2022-10-20,293,10,post_monsoon,22.8,61.3,0.0,12.6,1015.1,22.8,92.7,No Rain
2022-10-21,294,10,post_monsoon,24.3,59.4,0.0,11.5,1013.0,24.3,92.8,No Rain
2022-10-22,295,10,post_monsoon,27.3,71.8,0.0,10.0,1013.1,191.7,82.4,No Rain
2022-10-23,296,10,post_monsoon,27.6,52.1,0.0,8.4,1018.7,174.0,88.8,No Rain
2022-10-24,297,10,post_monsoon,24.0,71.5,11.3,13.9,1012.3,24.0,82.8,Moderate
2022-10-25,298,10,post_monsoon,20.9,71.8,23.3,15.9,1013.3,20.9,74.4,Moderate
2022-10-26,299,10,post_monsoon,22.6,67.3,0.0,13.7,1015.6,22.6,89.6,No Rain
2022-10-27,300,10,post_monsoon,25.6,60.3,10.3,13.4,1012.2,25.6,89.2,Moderate
2022-10-28,301,10,post_monsoon,23.4,65.5,3.0,9.4,1013.7,23.4,83.3,Light
2022-10-29,302,10,post_monsoon,23.7,66.5,0.0,7.8,1017.1,23.7,81.4,No Rain
2022-10-30,303,10,post_monsoon,22.7,54.7,0.0,8.6,1019.8,22.7,88.1,No Rain
2022-10-31,304,10,post_monsoon,20.5,70.9,40.0,14.3,1006.9,20.5,66.2,Heavy
2022-11-01,305,11,post_monsoon,26.7,56.7,4.1,10.9,1015.6,26.7,90.1,Light
2022-11-02,306,11,post_monsoon,28.2,61.8,0.0,9.5,1011.4,182.0,85.7,No Rain
2022-11-03,307,11,post_monsoon,21.1,60.6,0.0,14.1,1013.4,21.1,91.8,No Rain
2022-11-04,308,11,post_monsoon,21.6,73.9,0.0,7.6,1019.3,21.6,75.7,No Rain
2022-11-05,309,11,post_monsoon,20.9,62.2,9.1,9.8,1016.8,20.9,80.9,Moderate
2022-11-06,310,11,post_monsoon,20.8,60.7,0.0,7.8,1016.5,20.8,82.1,No Rain
2022-11-07,311,11,post_monsoon,22.3,66.8,0.0,5.3,1013.6,22.3,75.2,No Rain
2022-11-08,312,11,post_monsoon,22.4,63.7,7.1,13.0,1012.9,22.4,87.6,Moderate
2022-11-09,313,11,post_monsoon,22.4,71.3,0.0,12.3,1018.4,22.4,87.0,No Rain
2022-11-10,314,11,post_monsoon,23.2,74.5,4.3,8.4,1017.0,23.2,76.0,Light
2022-11-11,315,11,post_monsoon,24.0,76.0,28.2,11.8,1014.0,24.0,70.8,Heavy
2022-11-12,316,11,post_monsoon,20.2,75.6,0.0,10.2,1020.1,20.2,79.0,No Rain
2022-11-13,317,11,post_monsoon,26.6,61.5,1.4,10.2,1013.5,26.6,87.8,Light
2022-11-14,318,11,post_monsoon,25.8,75.1,14.1,12.5,1011.8,25.8,79.8,Moderate
2022-11-15,319,11,post_monsoon,20.7,61.2,0.0,7.2,1010.0,20.7,80.6,No Rain
2022-11-16,320,11,post_monsoon,23.1,61.0,0.0,10.0,1019.8,23.1,88.1,No Rain
2022-11-17,321,11,post_monsoon,25.5,61.7,0.0,11.1,1014.7,25.5,91.0,No Rain
2022-11-18,322,11,post_monsoon,23.6,67.8,8.3,13.6,1009.4,23.6,85.9,Moderate
2022-11-19,323,11,post_monsoon,25.7,73.2,0.0,12.2,1012.6,25.7,87.3,No Rain
2022-11-20,324,11,post_monsoon,24.4,70.8,0.0,8.5,1014.8,24.4,81.2,No Rain
2022-11-21,325,11,post_monsoon,22.4,65.7,0.0,8.7,1013.6,22.4,82.6,No Rain
2022-11-22,326,11,post_monsoon,24.1,60.5,0.0,10.4,1012.8,24.1,89.9,No Rain
2022-11-23,327,11,post_monsoon,24.6,60.4,0.0,10.5,1016.7,24.6,90.5,No Rain
2022-11-24,328,11,post_monsoon,23.6,65.3,12.3,11.0,1015.3,23.6,82.2,Moderate
2022-11-25,329,11,post_monsoon,24.0,58.9,1.8,6.1,1016.7,24.0,81.1,Light
2022-11-26,330,11,post_monsoon,24.5,49.9,0.0,8.4,1021.3,24.5,91.4,No Rain
2022-11-27,331,11,post_monsoon,25.7,56.5,0.0,9.4,1017.2,25.7,90.0,No Rain
2022-11-28,332,11,post_monsoon,21.8,70.2,3.3,16.8,1015.7,21.8,85.8,Light
2022-11-29,333,11,post_monsoon,24.6,72.5,0.0,10.9,1019.9,24.6,85.2,No Rain
2022-11-30,334,11,post_monsoon,25.9,60.9,0.0,10.1,1019.5,25.9,89.1,No Rain
2022-12-01,335,12,winter,19.5,73.8,0.0,10.5,1020.8,19.5,80.0,No Rain
2022-12-02,336,12,winter,19.0,66.7,0.0,10.9,1018.3,19.0,84.0,No Rain
2022-12-03,337,12,winter,20.8,66.1,0.0,7.6,1019.3,20.8,79.0,No Rain
2022-12-04,338,12,winter,18.1,72.2,0.0,9.9,1023.0,18.1,78.5,No Rain
2022-12-05,339,12,winter,13.8,75.7,0.0,7.1,1017.1,13.8,68.0,No Rain
2022-12-06,340,12,winter,17.2,62.9,0.0,2.2,1019.8,17.2,67.1,No Rain
2022-12-07,341,12,winter,21.1,65.2,0.0,9.9,1018.2,21.1,84.3,No Rain
2022-12-08,342,12,winter,16.6,63.8,0.0,8.6,1018.8,16.6,79.0,No Rain
2022-12-09,343,12,winter,19.5,71.0,0.0,9.3,1018.4,19.5,79.0,No Rain
2022-12-10,344,12,winter,20.6,49.4,0.0,11.6,1024.0,20.6,94.6,No Rain
2022-12-11,345,12,winter,19.5,64.6,0.0,6.6,1017.4,19.5,76.8,No Rain
2022-12-12,346,12,winter,20.3,62.8,0.0,8.9,1017.2,20.3,82.9,No Rain
2022-12-13,347,12,winter,14.5,63.8,0.0,7.1,1025.4,14.5,74.4,No Rain
2022-12-14,348,12,winter,16.5,58.8,0.0,7.7,1023.4,16.5,79.6,No Rain
2022-12-15,349,12,winter,20.1,69.1,0.0,4.6,1020.3,20.1,71.0,No Rain
2022-12-16,350,12,winter,17.5,69.4,0.0,8.1,1017.5,17.5,75.9,No Rain
2022-12-17,351,12,winter,18.5,75.6,16.4,5.1,1018.6,18.5,59.3,Moderate
2022-12-18,352,12,winter,19.4,63.5,0.0,3.6,1020.8,19.4,71.2,No Rain
2022-12-19,353,12,winter,21.6,69.5,0.0,11.6,1014.1,21.6,85.9,No Rain
2022-12-20,354,12,winter,16.8,63.7,0.0,7.3,1024.0,16.8,76.6,No Rain
2022-12-21,355,12,winter,20.6,76.8,17.4,13.8,1020.5,20.6,74.6,Moderate
2022-12-22,356,12,winter,21.0,60.0,0.0,10.9,1018.7,21.0,88.8,No Rain
2022-12-23,357,12,winter,20.5,67.8,0.0,8.1,1018.8,20.5,78.9,No Rain
2022-12-24,358,12,winter,22.1,61.2,0.0,8.4,1019.1,22.1,84.0,No Rain
2022-12-25,359,12,winter,20.9,74.8,18.8,8.5,1022.1,20.9,67.1,Moderate
2022-12-26,360,12,winter,16.9,61.8,0.0,7.5,1025.2,16.9,78.0,No Rain
2022-12-27,361,12,winter,21.6,65.7,1.1,7.6,1017.2,21.6,79.2,Light
2022-12-28,362,12,winter,22.1,63.7,0.0,8.3,1016.6,22.1,82.6,No Rain
2022-12-29,363,12,winter,21.9,57.0,0.0,8.0,1018.1,21.9,85.2,No Rain
2022-12-30,364,12,winter,23.9,46.6,0.0,7.4,1018.0,23.9,87.3,No Rain
